6464561	setSpec
3269404	nldidlnorm.Item.Component.Resource.mods.name._attrs
3244794	nldidlnorm.Component.Resource
3244794	nldidlnorm.Item.Component.Resource.mods._attrs
3244794	nldidlnorm.Item1.Component.Resource
3206882	nldidlnorm.Item.Component.Resource.mods.name.role.roleTerm._attrs
2883096	nldidlnorm.Item.Component.Resource.mods.name1._attrs
2745507	nldidlnorm.Item.Component.Resource.mods.name1.role.roleTerm._attrs
2630900	GlobalIDs
2546508	nldidlnorm.Item.Component.Resource.mods.language.languageTerm._attrs
2201504	nldidlnorm.Item.Component.Resource.mods.name2._attrs
2153322	nldidlnorm.Item.Component.Resource.mods.name2.role.roleTerm._attrs
1797998	Journal.relatedItem._attrs
1797998	nldidlnorm.Item.Component.Resource.mods.relatedItem._attrs
1659760	nldidlnorm.Item.Component.Resource.mods.originInfo.dateIssued._attrs
1629591	DAI
1622397	ID
1622397	NumberofIDs
1622397	_id
1622397	access
1622397	date_harv
1622397	date_header
1622397	date_orig
1622397	filenr
1622397	nldidlnorm.Descriptor.Statement.Identifier
1622397	nldidlnorm.Descriptor.Statement._attrs
1622397	nldidlnorm.Descriptor1.Statement._attrs
1622397	nldidlnorm.Descriptor1.Statement.modified
1622397	nldidlnorm.Item.Component.Resource._attrs
1622397	nldidlnorm.Item.Component.Resource.mods.name.role.roleTerm.text
1622397	nldidlnorm.Item.Component.Resource.mods.titleInfo.title
1622397	nldidlnorm.Item.Descriptor.Statement._attrs
1622397	nldidlnorm.Item.Descriptor.Statement.type
1622397	nldidlnorm.Item1.Descriptor.Statement._attrs
1622397	nldidlnorm.Item1.Descriptor.Statement.type
1622397	originURL
1622284	nldidlnorm.Item.Component.Resource.mods.originInfo.dateIssued.text
1597117	nldidlnorm.Item.Component.Resource.mods.name3._attrs
1588488	nldidlnorm.Item.Component.Resource.mods.name3.role.roleTerm._attrs
1584485	nldidlnorm.Item.Component.Resource.mods.genre
1584485	nldidlnorm.Item.Component.Resource.mods.typeOfResource
1515452	nldidlnorm.Item.Component.Resource.mods.name.namePart._attrs
1515452	nldidlnorm.Item.Component.Resource.mods.name.namePart.text
1506423	nldidlnorm.Item.Component.Resource.mods.name.namePart1._attrs
1506423	nldidlnorm.Item.Component.Resource.mods.name.namePart1.text
1503516	nldidlnorm.Item2.Component.Resource
1390731	nldidlnorm.Item.Component.Resource.mods.name1.role.roleTerm.text
1275432	nldidlnorm.Item.Component.Resource.mods.language.languageTerm.text
1247608	nldidlnorm.Item.Component.Resource.mods.name.nameIdentifier._attrs
1148045	nldidlnorm.Item.Descriptor1.Statement.Identifier
1148045	nldidlnorm.Item.Descriptor1.Statement._attrs
1145267	nldidlnorm.Item.Component.Resource.mods.name4._attrs
1134825	nldidlnorm.Item.Component.Resource.mods.name4.role.roleTerm._attrs
1102299	Journal.relatedItem.titleInfo.title
1102299	nldidlnorm.Item.Component.Resource.mods.relatedItem.titleInfo.title
1086115	nldidlnorm.Item.Component.Resource.mods.name2.role.roleTerm.text
1079981	nldidlnorm.Item.Component.Resource.mods.identifier._attrs
1079981	nldidlnorm.Item.Component.Resource.mods.identifier.text
 987481	nldidlnorm.Item.Component.Resource.mods.name1.namePart._attrs
 987481	nldidlnorm.Item.Component.Resource.mods.name1.namePart.text
 985677	nldidlnorm.Item.Component.Resource.mods.name1.namePart1._attrs
 985677	nldidlnorm.Item.Component.Resource.mods.name1.namePart1.text
 941774	Journal.relatedItem.part.extent._attrs
 941774	nldidlnorm.Item.Component.Resource.mods.relatedItem.part.extent._attrs
 937256	nldidlnorm.Item.Component.Resource.mods.identifier1._attrs
 937256	nldidlnorm.Item.Component.Resource.mods.identifier1.text
 892354	nldidlnorm.Item.Component.Resource.mods.name1.role1.roleTerm._attrs
 863526	nldidlnorm.Item.Component.Resource.mods.identifier2._attrs
 863526	nldidlnorm.Item.Component.Resource.mods.identifier2.text
 862794	Journal.relatedItem.part.extent.start
 862794	nldidlnorm.Item.Component.Resource.mods.relatedItem.part.extent.start
 813050	Journal.relatedItem.identifier._attrs
 813050	nldidlnorm.Item.Component.Resource.mods.relatedItem.identifier._attrs
 810909	Journal.relatedItem.identifier.text
 810909	nldidlnorm.Item.Component.Resource.mods.relatedItem.identifier.text
 809732	nldidlnorm.Item.Component.Resource.mods.name5._attrs
 804303	Journal.relatedItem.part.detail._attrs
 804303	Journal.relatedItem.part.detail.number
 804303	nldidlnorm.Item.Component.Resource.mods.relatedItem.part.detail._attrs
 804303	nldidlnorm.Item.Component.Resource.mods.relatedItem.part.detail.number
 798600	nldidlnorm.Item.Component.Resource.mods.name3.role.roleTerm.text
 791378	nldidlnorm.Item.Component.Resource.mods.name5.role.roleTerm._attrs
 787874	nldidlnorm.Item.Component.Resource.mods.name2.namePart._attrs
 787874	nldidlnorm.Item.Component.Resource.mods.name2.namePart.text
 786344	nldidlnorm.Item.Component.Resource.mods.name2.namePart1._attrs
 786344	nldidlnorm.Item.Component.Resource.mods.name2.namePart1.text
 756364	Journal.relatedItem.part.extent.end
 756364	nldidlnorm.Item.Component.Resource.mods.relatedItem.part.extent.end
 751758	nldidlnorm.Item2.Descriptor.Statement._attrs
 751758	nldidlnorm.Item2.Descriptor.Statement.type
 750070	nldidlnorm.Item1.Descriptor1.Statement._attrs
 721106	nldidlnorm.Item.Component.Resource.mods.name.role1.roleTerm._attrs
 708378	Keywords.topic
 708378	nldidlnorm.Item.Component.Resource.mods.subject.topic
 677832	nldidlnorm.Item.Component.Resource.mods.name2.role1.roleTerm._attrs
 661357	nldidlnorm.Item.Component.Resource.mods.name1.nameIdentifier._attrs
 625647	nldidlnorm.Item.Component.Resource.mods.name.nameIdentifier.text
 607715	nldidlnorm.Item.Component.Resource.mods.identifier3._attrs
 607715	nldidlnorm.Item.Component.Resource.mods.identifier3.text
 597217	nldidlnorm.Item.Component.Resource.mods.abstract
 585729	nldidlnorm.Item.Component.Resource.mods.name6._attrs
 577499	nldidlnorm.Item.Component.Resource.mods.name3.namePart._attrs
 577499	nldidlnorm.Item.Component.Resource.mods.name3.namePart.text
 576697	Journal.relatedItem.part.detail1._attrs
 576697	Journal.relatedItem.part.detail1.number
 576697	nldidlnorm.Item.Component.Resource.mods.relatedItem.part.detail1._attrs
 576697	nldidlnorm.Item.Component.Resource.mods.relatedItem.part.detail1.number
 575532	nldidlnorm.Item.Component.Resource.mods.name3.namePart1._attrs
 575532	nldidlnorm.Item.Component.Resource.mods.name3.namePart1.text
 569730	nldidlnorm.Item.Component.Resource.mods.name4.role.roleTerm.text
 564355	nldidlnorm.Item.Component.Resource.mods.name6.role.roleTerm._attrs
 549830	Journal.relatedItem.part.extent.list
 549830	nldidlnorm.Item.Component.Resource.mods.relatedItem.part.extent.list
 546325	nldidlnorm.Item.Component.Resource.mods.originInfo.publisher
 527131	nldidlnorm.Item1.Descriptor2.Statement._attrs
 503358	nldidlnorm.Item.Component.Resource.mods.name3.role1.roleTerm._attrs
 464625	Keywords.topic1
 464625	nldidlnorm.Item.Component.Resource.mods.subject.topic1
 456064	nldidlnorm.Item.Component.Resource.mods.name2.nameIdentifier._attrs
 446177	nldidlnorm.Item.Component.Resource.mods.name1.role1.roleTerm.text
 434693	Journal.relatedItem.part.detail.caption
 434693	nldidlnorm.Item.Component.Resource.mods.relatedItem.part.detail.caption
 429926	nldidlnorm.Item.Component.Resource.mods.name7._attrs
 410451	nldidlnorm.Item.Component.Resource.mods.name7.role.roleTerm._attrs
 402974	nldidlnorm.Item.Component.Resource.mods.name4.namePart._attrs
 402974	nldidlnorm.Item.Component.Resource.mods.name4.namePart.text
 402694	nldidlnorm.Item.Component.Resource.mods.name1.namePart
 401575	nldidlnorm.Item.Component.Resource.mods.name4.namePart1._attrs
 401575	nldidlnorm.Item.Component.Resource.mods.name4.namePart1.text
 397050	nldidlnorm.Item.Component.Resource.mods.name5.role.roleTerm.text
 387436	nldidlnorm.Item1.Descriptor1.Statement.Identifier
 387436	nldidlnorm.Item1.Descriptor2.Statement.accessRights
 370734	nldidlnorm.Item.Component.Resource.mods.name4.role1.roleTerm._attrs
 370606	Keywords.topic2
 370606	nldidlnorm.Item.Component.Resource.mods.subject.topic2
 362298	nldidlnorm.Item1.Descriptor1.Statement.accessRights
 360553	nldidlnorm.Item.Component.Resource.mods.name.role1.roleTerm.text
 338916	nldidlnorm.Item.Component.Resource.mods.name2.role1.roleTerm.text
 333074	nldidlnorm.Item.Component.Resource.mods.name1.nameIdentifier.text
 325955	nldidlnorm.Item.Component.Resource.mods.name.affiliation
 321254	nldidlnorm.Item.Component.Resource.mods.name8._attrs
 313089	Journal.relatedItem.part.extent.total
 313089	nldidlnorm.Item.Component.Resource.mods.relatedItem.part.extent.total
 311622	Keywords.topic3
 311622	nldidlnorm.Item.Component.Resource.mods.subject.topic3
 305177	nldidlnorm.Item.Component.Resource.mods.name8.role.roleTerm._attrs
 302203	Journal.relatedItem.part.detail1.caption
 302203	nldidlnorm.Item.Component.Resource.mods.relatedItem.part.detail1.caption
 302004	nldidlnorm.Item1.Descriptor3.Statement._attrs
 297680	nldidlnorm.Item.Component.Resource.mods.name2.namePart
 293050	nldidlnorm.Item.Component.Resource.mods.name3.nameIdentifier._attrs
 282989	nldidlnorm.Item.Component.Resource.mods.name6.role.roleTerm.text
 275773	nldidlnorm.Item.Component.Resource.mods.name5.namePart._attrs
 275773	nldidlnorm.Item.Component.Resource.mods.name5.namePart.text
 274856	nldidlnorm.Item.Component.Resource.mods.name5.namePart1._attrs
 274856	nldidlnorm.Item.Component.Resource.mods.name5.namePart1.text
 272250	nldidlnorm.Item.Component.Resource.mods.identifier4._attrs
 272250	nldidlnorm.Item.Component.Resource.mods.identifier4.text
 271121	Keywords.topic4
 271121	nldidlnorm.Item.Component.Resource.mods.subject.topic4
 270520	nldidlnorm.Item.Component.Resource.mods.name5.role1.roleTerm._attrs
 255538	nldidlnorm.Item.Component.Resource.mods.name1.role2.roleTerm._attrs
 251679	nldidlnorm.Item.Component.Resource.mods.name3.role1.roleTerm.text
 243465	nldidlnorm.Item.Component.Resource.mods.name9._attrs
 236390	nldidlnorm.Item1.Descriptor3.Statement.modified
 231447	nldidlnorm.Item.Component.Resource.mods.name9.role.roleTerm._attrs
 230270	Keywords.topic5
 230270	nldidlnorm.Item.Component.Resource.mods.subject.topic5
 230037	nldidlnorm.Item.Component.Resource.mods.name2.nameIdentifier.text
 225370	nldidlnorm.Item.Component.Resource.mods.titleInfo._attrs
 220766	nldidlnorm.Item.Component.Resource.mods.name3.namePart
 219041	nldidlnorm.Item.Component.Resource.mods.subject1.topic
 209822	nldidlnorm.Item.Component.Resource.mods.name.role.roleTerm1._attrs
 205774	nldidlnorm.Item.Component.Resource.mods.name7.role.roleTerm.text
 203578	nldidlnorm.Item.Component.Resource.mods.name6.role1.roleTerm._attrs
 200578	Keywords._attrs
 200578	nldidlnorm.Item.Component.Resource.mods.subject._attrs
 193598	nldidlnorm.Item.Component.Resource.mods.name1.role.roleTerm1._attrs
 192460	Keywords.topic6
 192460	nldidlnorm.Item.Component.Resource.mods.subject.topic6
 190284	nldidlnorm.Item.Component.Resource.mods.name6.namePart._attrs
 190284	nldidlnorm.Item.Component.Resource.mods.name6.namePart.text
 189609	nldidlnorm.Item.Component.Resource.mods.name6.namePart1._attrs
 189609	nldidlnorm.Item.Component.Resource.mods.name6.namePart1.text
 187756	nldidlnorm.Item.Component.Resource.mods.name4.nameIdentifier._attrs
 187205	nldidlnorm.Item.Component.Resource.mods.name0._attrs
 185367	nldidlnorm.Item.Component.Resource.mods.name4.role1.roleTerm.text
 181351	Journal.relatedItem.originInfo.dateIssued._attrs
 181351	Journal.relatedItem.originInfo.dateIssued.text
 181351	nldidlnorm.Item.Component.Resource.mods.relatedItem.originInfo.dateIssued._attrs
 181351	nldidlnorm.Item.Component.Resource.mods.relatedItem.originInfo.dateIssued.text
 178303	nldidlnorm.Item.Component.Resource.mods.name0.role.roleTerm._attrs
 175758	nldidlnorm.Item.Component.Resource.mods.identifier5._attrs
 175758	nldidlnorm.Item.Component.Resource.mods.identifier5.text
 172403	nldidlnorm.Item.Component.Resource.mods.originInfo.place.placeTerm
 166477	nldidlnorm.Item.Component.Resource.mods.name4.namePart
 166464	Journal.relatedItem.originInfo.publisher
 166464	nldidlnorm.Item.Component.Resource.mods.relatedItem.originInfo.publisher
 165878	Keywords.topic7
 165878	nldidlnorm.Item.Component.Resource.mods.subject.topic7
 164944	nldidlnorm.Item.Component.Resource.mods.name2.role2.roleTerm._attrs
 159491	nldidlnorm.Item.Component.Resource.mods.subject1._attrs
 157208	nldidlnorm.Item.Component.Resource.mods.originInfo.place.placeTerm._attrs
 157208	nldidlnorm.Item.Component.Resource.mods.originInfo.place.placeTerm.text
 156295	Journal.relatedItem.titleInfo.subTitle
 156295	nldidlnorm.Item.Component.Resource.mods.relatedItem.titleInfo.subTitle
 154105	nldidlnorm.Item.Component.Resource.mods.name1.affiliation
 153015	nldidlnorm.Item.Component.Resource.mods.name8.role.roleTerm.text
 152250	nldidlnorm.Item.Component.Resource.mods.classification._attrs
 151944	nldidlnorm.Item.Component.Resource.mods.name7.role1.roleTerm._attrs
 147797	nldidlnorm.Item.Component.Resource.mods.name3.nameIdentifier.text
 144370	Journal.relatedItem.identifier1._attrs
 144370	Journal.relatedItem.identifier1.text
 144370	nldidlnorm.Item.Component.Resource.mods.relatedItem.identifier1._attrs
 144370	nldidlnorm.Item.Component.Resource.mods.relatedItem.identifier1.text
 142988	Keywords.topic8
 142988	nldidlnorm.Item.Component.Resource.mods.subject.topic8
 138504	nldidlnorm.Item.Component.Resource.mods.name2.role.roleTerm1._attrs
 135307	nldidlnorm.Item.Component.Resource.mods.name7.namePart._attrs
 135307	nldidlnorm.Item.Component.Resource.mods.name7.namePart.text
 135260	nldidlnorm.Item.Component.Resource.mods.name5.role1.roleTerm.text
 134772	nldidlnorm.Item.Component.Resource.mods.name7.namePart1._attrs
 134772	nldidlnorm.Item.Component.Resource.mods.name7.namePart1.text
 132798	nldidlnorm.Item3.Component.Resource
 131128	nldidlnorm.Item.Component.Resource.mods.name3.role2.roleTerm._attrs
 131005	nldidlnorm.Item.Component.Resource.mods.extension.rights._attrs
 130942	nldidlnorm.Item.Component.Resource.mods.extension.rights.description
 129480	nldidlnorm.Item.Component.Resource.mods.subject1.topic1
 128934	nldidlnorm.Item1.Descriptor2.Statement.modified
 127769	nldidlnorm.Item.Component.Resource.mods.name1.role2.roleTerm.text
 123995	Keywords.topic9
 123995	nldidlnorm.Item.Component.Resource.mods.subject.topic9
 121199	nldidlnorm.Item.Component.Resource.mods.name5.namePart
 121184	nldidlnorm.Item.Component.Resource.mods.name5.nameIdentifier._attrs
 116060	nldidlnorm.Item.Component.Resource.mods.name9.role.roleTerm.text
 115586	nldidlnorm.Item.Component.Resource.mods.name1.displayForm
 115370	nldidlnorm.Item.Component.Resource.mods.name8.role1.roleTerm._attrs
 108085	nldidlnorm.Item.Component.Resource.mods.name2.affiliation
 107818	nldidlnorm.Item.Component.Resource.mods.name.displayForm
 107711	nldidlnorm.Item.Component.Resource.mods.titleInfo.subTitle
 106710	nldidlnorm.Item.Component.Resource.mods.name.affiliation1
 105738	nldidlnorm.Item.Component.Resource.mods.name.namePart
 104942	nldidlnorm.Item.Component.Resource.mods.language.languageTerm1._attrs
 104911	nldidlnorm.Item.Component.Resource.mods.name.role.roleTerm1.text
 102618	nldidlnorm.Item.Component.Resource.mods.name4.role2.roleTerm._attrs
 101789	nldidlnorm.Item.Component.Resource.mods.name6.role1.roleTerm.text
  98818	nldidlnorm.Item.Component.Resource.mods.name8.namePart._attrs
  98818	nldidlnorm.Item.Component.Resource.mods.name8.namePart.text
  98454	nldidlnorm.Item.Component.Resource.mods.identifier6._attrs
  98454	nldidlnorm.Item.Component.Resource.mods.identifier6.text
  98365	nldidlnorm.Item.Component.Resource.mods.name8.namePart1._attrs
  98365	nldidlnorm.Item.Component.Resource.mods.name8.namePart1.text
  96799	nldidlnorm.Item.Component.Resource.mods.name1.role.roleTerm1.text
  95960	Journal.relatedItem1._attrs
  95960	nldidlnorm.Item.Component.Resource.mods.relatedItem1._attrs
  94621	nldidlnorm.Item.Component.Resource.mods.name4.nameIdentifier.text
  92646	nldidlnorm.Item.Component.Resource.mods.name6.namePart
  92512	nldidlnorm.Item.Component.Resource.mods.subject1.topic2
  90609	nldidlnorm.Item.Component.Resource.mods.name2.displayForm
  89435	nldidlnorm.Item.Component.Resource.mods.name0.role.roleTerm.text
  88978	nldidlnorm.Item.Component.Resource.mods.name3.role.roleTerm1._attrs
  86830	nldidlnorm.Item.Component.Resource.mods.name9.role1.roleTerm._attrs
  83816	nldidlnorm.Item.Component.Resource.mods.name5.role2.roleTerm._attrs
  82472	nldidlnorm.Item.Component.Resource.mods.name2.role2.roleTerm.text
  81378	Keywords.topic0
  81378	nldidlnorm.Item.Component.Resource.mods.subject.topic0
  80495	nldidlnorm.Item.Component.Resource.mods.classification.text
  79064	nldidlnorm.Item.Component.Resource.mods.originInfo.dateOther._attrs
  77832	nldidlnorm.Item.Component.Resource.mods.name6.nameIdentifier._attrs
  75972	nldidlnorm.Item.Component.Resource.mods.name7.role1.roleTerm.text
  75904	nldidlnorm.Item.Component.Resource.mods.name3.affiliation
  74435	nldidlnorm.Item.Component.Resource.mods.name9.namePart._attrs
  74435	nldidlnorm.Item.Component.Resource.mods.name9.namePart.text
  73999	nldidlnorm.Item.Component.Resource.mods.name9.namePart1._attrs
  73999	nldidlnorm.Item.Component.Resource.mods.name9.namePart1.text
  72263	nldidlnorm.Item.Component.Resource.mods.extension1.rights._attrs
  72263	nldidlnorm.Item.Component.Resource.mods.extension1.rights.description
  71852	nldidlnorm.Item.Component.Resource.mods.name6.role2.roleTerm._attrs
  70429	nldidlnorm.Item.Component.Resource.mods.name7.namePart
  69252	nldidlnorm.Item.Component.Resource.mods.name2.role.roleTerm1.text
  66570	nldidlnorm.Item.Component.Resource.mods.name0.role1.roleTerm._attrs
  66399	nldidlnorm.Item3.Descriptor.Statement._attrs
  66399	nldidlnorm.Item3.Descriptor.Statement.type
  65614	nldidlnorm.Item1.Descriptor3.Statement.description
  65564	nldidlnorm.Item.Component.Resource.mods.name3.role2.roleTerm.text
  65430	nldidlnorm.Item.Component.Resource.mods.name4.role.roleTerm1._attrs
  64708	nldidlnorm.Item2.Descriptor1.Statement._attrs
  64628	nldidlnorm.Item4.Component.Resource
  63865	nldidlnorm.Item.Component.Resource.mods.subject1.topic3
  63576	Journal.relatedItem.part.extent
  63576	nldidlnorm.Item.Component.Resource.mods.relatedItem.part.extent
  60976	nldidlnorm.Item.Component.Resource.mods.name5.nameIdentifier.text
  59496	nldidlnorm.Item.Component.Resource.mods.name7.role2.roleTerm._attrs
  59300	nldidlnorm.Item.Component.Resource.mods.name3.displayForm
  57685	nldidlnorm.Item.Component.Resource.mods.name8.role1.roleTerm.text
  57411	nldidlnorm.Item.Component.Resource.mods.name0.namePart._attrs
  57411	nldidlnorm.Item.Component.Resource.mods.name0.namePart.text
  56861	nldidlnorm.Item.Component.Resource.mods.name0.namePart1._attrs
  56861	nldidlnorm.Item.Component.Resource.mods.name0.namePart1.text
  55544	nldidlnorm.Item.Component.Resource.mods.subject1.topic4
  54957	nldidlnorm.Item.Component.Resource.mods.originInfo.comment
  54280	nldidlnorm.Item.Component.Resource.mods.extension2.rights._attrs
  54280	nldidlnorm.Item.Component.Resource.mods.extension2.rights.description
  54164	nldidlnorm.Item.Component.Resource.mods.name8.namePart
  54114	nldidlnorm.Item5.Component.Resource
  53858	nldidlnorm.Item.Component.Resource.mods.name1.role3.roleTerm._attrs
  53574	nldidlnorm.Item.Component.Resource.mods.name4.affiliation
  52471	nldidlnorm.Item.Component.Resource.mods.language.languageTerm1.text
  51471	nldidlnorm.Item.Component.Resource.mods.name7.nameIdentifier._attrs
  51309	nldidlnorm.Item.Component.Resource.mods.name4.role2.roleTerm.text
  49262	nldidlnorm.Item.Component.Resource.mods.name8.role2.roleTerm._attrs
  48040	nldidlnorm.Item.Component.Resource.mods.name5.role.roleTerm1._attrs
  47694	nldidlnorm.Item2.Descriptor2.Statement._attrs
  46907	nldidlnorm.Item.Component.Resource.mods.subject1.topic5
  44489	nldidlnorm.Item.Component.Resource.mods.name3.role.roleTerm1.text
  43935	nldidlnorm.Item.Component.Resource.mods.name1.affiliation1
  43415	nldidlnorm.Item.Component.Resource.mods.name9.role1.roleTerm.text
  43405	nldidlnorm.Item.Component.Resource.mods.name4.displayForm
  42980	nldidlnorm.Item6.Component.Resource
  42934	nldidlnorm.Item.Component.Resource.mods.originInfo.dateOther.text
  41908	nldidlnorm.Item.Component.Resource.mods.name5.role2.roleTerm.text
  41538	nldidlnorm.Item.Component.Resource.mods.name9.namePart
  39692	nldidlnorm.Item.Component.Resource.mods.name9.role2.roleTerm._attrs
  39671	nldidlnorm.Item.Component.Resource.mods.subject1.topic6
  39670	nldidlnorm.Item.Component.Resource.mods.name.affiliation2
  39288	nldidlnorm.Item.Component.Resource.mods.originInfo.dateCreated._attrs
  39288	nldidlnorm.Item.Component.Resource.mods.originInfo.dateCreated.text
  39124	nldidlnorm.Item.Component.Resource.mods.name6.nameIdentifier.text
  38770	nldidlnorm.Item7.Component.Resource
  38393	nldidlnorm.Item.Component.Resource.mods.name5.affiliation
  37912	nldidlnorm.Item.Component.Resource.mods.genre._attrs
  37912	nldidlnorm.Item.Component.Resource.mods.genre.text
  37912	nldidlnorm.Item.Component.Resource.mods.originInfo.issuance
  37912	nldidlnorm.Item.Component.Resource.mods.typeOfResource._attrs
  37912	nldidlnorm.Item.Component.Resource.mods.typeOfResource.text
  37857	Keywords.topic._attrs
  37857	Keywords.topic.text
  37857	nldidlnorm.Item.Component.Resource.mods.subject.topic._attrs
  37857	nldidlnorm.Item.Component.Resource.mods.subject.topic.text
  37834	nldidlnorm.Item.Component.Resource.mods.name6.role.roleTerm1._attrs
  35926	nldidlnorm.Item.Component.Resource.mods.name6.role2.roleTerm.text
  35120	nldidlnorm.Item.Component.Resource.mods.name8.nameIdentifier._attrs
  35062	nldidlnorm.Item8.Component.Resource
  34267	nldidlnorm.Item2.Descriptor1.Statement.Identifier
  34267	nldidlnorm.Item2.Descriptor2.Statement.accessRights
  34215	nldidlnorm.Item.Component.Resource.mods.extension3.rights._attrs
  34215	nldidlnorm.Item.Component.Resource.mods.extension3.rights.description
  34008	nldidlnorm.Item9.Component.Resource
  33546	nldidlnorm.Item.Component.Resource.mods.identifier7._attrs
  33546	nldidlnorm.Item.Component.Resource.mods.identifier7.text
  33285	nldidlnorm.Item.Component.Resource.mods.name0.role1.roleTerm.text
  33126	nldidlnorm.Item0.Component.Resource
  32715	nldidlnorm.Item.Component.Resource.mods.name4.role.roleTerm1.text
  32468	nldidlnorm.Item.Component.Resource.mods.titleInfo1.title
  32397	Journal.relatedItem1.titleInfo.title
  32397	nldidlnorm.Item.Component.Resource.mods.relatedItem1.titleInfo.title
  32330	nldidlnorm.Item.Component.Resource.mods.subject1.topic7
  32314	nldidlnorm.Item4.Descriptor.Statement._attrs
  32314	nldidlnorm.Item4.Descriptor.Statement.type
  32166	nldidlnorm.Item.Component.Resource.mods.name0.role2.roleTerm._attrs
  31947	nldidlnorm.Item.Component.Resource.mods.name0.namePart
  31394	Journal.relatedItem.name.role.roleTerm._attrs
  31394	nldidlnorm.Item.Component.Resource.mods.relatedItem.name.role.roleTerm._attrs
  31049	nldidlnorm.Item.Component.Resource.mods.name5.displayForm
  30552	nldidlnorm.Item3.Descriptor1.Statement._attrs
  30412	nldidlnorm.Item2.Descriptor1.Statement.accessRights
  30324	nldidlnorm.Item.Component.Resource.mods.name7.role.roleTerm1._attrs
  29957	nldidlnorm.Item.Component.Resource.mods.subject2.topic
  29748	nldidlnorm.Item.Component.Resource.mods.name7.role2.roleTerm.text
  29155	nldidlnorm.Item.Component.Resource.mods.name2.affiliation1
  27320	nldidlnorm.Item.Component.Resource.mods.name6.affiliation
  27156	nldidlnorm.Item.Component.Resource.mods.name2.role3.roleTerm._attrs
  27057	nldidlnorm.Item5.Descriptor.Statement._attrs
  27057	nldidlnorm.Item5.Descriptor.Statement.type
  26929	nldidlnorm.Item.Component.Resource.mods.name1.role3.roleTerm.text
  26609	Journal.relatedItem1.part.text._attrs
  26609	Journal.relatedItem1.part.text.text
  26609	nldidlnorm.Item.Component.Resource.mods.relatedItem1.part.text._attrs
  26609	nldidlnorm.Item.Component.Resource.mods.relatedItem1.part.text.text
  25878	nldidlnorm.Item.Component.Resource.mods.name7.nameIdentifier.text
  25436	nldidlnorm.Item.Component.Resource.mods.subject1.topic8
  25128	nldidlnorm.Item4.Descriptor1.Statement._attrs
  24631	nldidlnorm.Item.Component.Resource.mods.name8.role2.roleTerm.text
  24498	nldidlnorm.Item.Component.Resource.mods.name8.role.roleTerm1._attrs
  24020	nldidlnorm.Item.Component.Resource.mods.name5.role.roleTerm1.text
  23720	nldidlnorm.Item.Component.Resource.mods.name9.nameIdentifier._attrs
  23663	nldidlnorm.Item.Component.Resource.mods.name6.displayForm
  22816	nldidlnorm.Item3.Descriptor2.Statement._attrs
  22472	nldidlnorm.Item.Component.Resource.mods.subject3.topic
  21946	Journal.relatedItem.name1.role.roleTerm._attrs
  21946	nldidlnorm.Item.Component.Resource.mods.relatedItem.name1.role.roleTerm._attrs
  21798	Journal.relatedItem.part.text._attrs
  21798	Journal.relatedItem.part.text.text
  21798	nldidlnorm.Item.Component.Resource.mods.relatedItem.part.text._attrs
  21798	nldidlnorm.Item.Component.Resource.mods.relatedItem.part.text.text
  21490	nldidlnorm.Item6.Descriptor.Statement._attrs
  21490	nldidlnorm.Item6.Descriptor.Statement.type
  21248	nldidlnorm.Item.Component.Resource.mods.name3.role3.roleTerm._attrs
  21186	nldidlnorm.Item.Component.Resource.mods.titleInfo1._attrs
  20898	nldidlnorm.Item4.Descriptor2.Statement._attrs
  20361	nldidlnorm.Item.Component.Resource.mods.name3.affiliation1
  19963	nldidlnorm.Item.Component.Resource.mods.extension4.rights._attrs
  19963	nldidlnorm.Item.Component.Resource.mods.extension4.rights.description
  19855	nldidlnorm.Item.Component.Resource.mods.name7.affiliation
  19846	nldidlnorm.Item.Component.Resource.mods.name9.role2.roleTerm.text
  19788	nldidlnorm.Item.Component.Resource.mods.name9.role.roleTerm1._attrs
  19563	nldidlnorm.Item5.Descriptor1.Statement._attrs
  19385	nldidlnorm.Item7.Descriptor.Statement._attrs
  19385	nldidlnorm.Item7.Descriptor.Statement.type
  19259	nldidlnorm.Item.Component.Resource.mods.identifier8._attrs
  19259	nldidlnorm.Item.Component.Resource.mods.identifier8.text
  19046	nldidlnorm.Item.Component.Resource.mods.subject1.topic9
  18917	nldidlnorm.Item.Component.Resource.mods.name6.role.roleTerm1.text
  18388	nldidlnorm.Item.Component.Resource.mods.name7.displayForm
  17658	nldidlnorm.Item.Component.Resource.mods.name8.nameIdentifier.text
  17657	nldidlnorm.Item.Component.Resource.mods.name0.nameIdentifier._attrs
  17562	nldidlnorm.Item6.Descriptor1.Statement._attrs
  17531	nldidlnorm.Item8.Descriptor.Statement._attrs
  17531	nldidlnorm.Item8.Descriptor.Statement.type
  17483	nldidlnorm.Item3.Descriptor1.Statement.Identifier
  17483	nldidlnorm.Item3.Descriptor2.Statement.accessRights
  17067	nldidlnorm.Item5.Descriptor2.Statement._attrs
  17004	nldidlnorm.Item9.Descriptor.Statement._attrs
  17004	nldidlnorm.Item9.Descriptor.Statement.type
  16563	nldidlnorm.Item0.Descriptor.Statement._attrs
  16563	nldidlnorm.Item0.Descriptor.Statement.type
  16264	nldidlnorm.Item.Component.Resource.mods.name0.role.roleTerm1._attrs
  16091	nldidlnorm.Item4.Descriptor1.Statement.Identifier
  16091	nldidlnorm.Item4.Descriptor2.Statement.accessRights
  16083	nldidlnorm.Item.Component.Resource.mods.name0.role2.roleTerm.text
  16050	nldidlnorm.Item6.Descriptor2.Statement._attrs
  16021	nldidlnorm.Item.Component.Resource.mods.classification1._attrs
  15943	nldidlnorm.Item7.Descriptor1.Statement._attrs
  15863	nldidlnorm.Item.Component.Resource.mods.titleInfo2.title
  15697	Journal.relatedItem.name.role.roleTerm.text
  15697	nldidlnorm.Item.Component.Resource.mods.relatedItem.name.role.roleTerm.text
  15620	nldidlnorm.Item8.Descriptor1.Statement._attrs
  15354	Journal.relatedItem.originInfo.place.placeTerm._attrs
  15354	Journal.relatedItem.originInfo.place.placeTerm.text
  15354	nldidlnorm.Item.Component.Resource.mods.relatedItem.originInfo.place.placeTerm._attrs
  15354	nldidlnorm.Item.Component.Resource.mods.relatedItem.originInfo.place.placeTerm.text
  15301	Journal.relatedItem.name.namePart
  15301	nldidlnorm.Item.Component.Resource.mods.relatedItem.name.namePart
  15264	nldidlnorm.Item9.Descriptor1.Statement._attrs
  15217	nldidlnorm.Item.Component.Resource.mods.subject4.topic
  15162	nldidlnorm.Item.Component.Resource.mods.name7.role.roleTerm1.text
  15159	nldidlnorm.Item.Component.Resource.mods.name4.affiliation1
  15091	nldidlnorm.Item0.Descriptor1.Statement._attrs
  14970	Journal.relatedItem1.part.extent._attrs
  14970	Journal.relatedItem1.part.extent.list
  14970	nldidlnorm.Item.Component.Resource.mods.relatedItem1.part.extent._attrs
  14970	nldidlnorm.Item.Component.Resource.mods.relatedItem1.part.extent.list
  14903	nldidlnorm.Item7.Descriptor2.Statement._attrs
  14897	nldidlnorm.Item.Component.Resource.mods.name8.affiliation
  14833	nldidlnorm.Item.Component.Resource.mods.name1.affiliation2
  14773	nldidlnorm.Item8.Descriptor2.Statement._attrs
  14656	nldidlnorm.Item.Component.Resource.mods.abstract._attrs
  14656	nldidlnorm.Item.Component.Resource.mods.abstract.text
  14649	nldidlnorm.Item9.Descriptor2.Statement._attrs
  14544	nldidlnorm.Item.Component.Resource.mods.name8.displayForm
  14461	nldidlnorm.Item0.Descriptor2.Statement._attrs
  14460	Journal.relatedItem.comment
  14460	nldidlnorm.Item.Component.Resource.mods.relatedItem.comment
  14346	Journal.relatedItem.part.detail2._attrs
  14346	Journal.relatedItem.part.detail2.number
  14346	nldidlnorm.Item.Component.Resource.mods.relatedItem.part.detail2._attrs
  14346	nldidlnorm.Item.Component.Resource.mods.relatedItem.part.detail2.number
  13912	nldidlnorm.Item.Component.Resource.mods.name4.role3.roleTerm._attrs
  13679	nldidlnorm.Item.Component.Resource.mods.subject1.topic0
  13578	nldidlnorm.Item.Component.Resource.mods.name2.role3.roleTerm.text
  13066	nldidlnorm.Item3.Descriptor1.Statement.accessRights
  12532	nldidlnorm.Item5.Descriptor1.Statement.Identifier
  12532	nldidlnorm.Item5.Descriptor2.Statement.accessRights
  12456	nldidlnorm.Item.Component.Resource.mods.subject2.topic._attrs
  12456	nldidlnorm.Item.Component.Resource.mods.subject2.topic.text
  12309	Journal.relatedItem.titleInfo._attrs
  12309	nldidlnorm.Item.Component.Resource.mods.relatedItem.titleInfo._attrs
  12249	nldidlnorm.Item.Component.Resource.mods.name8.role.roleTerm1.text
  11928	nldidlnorm.Item.Component.Resource.mods.name9.nameIdentifier.text
  11603	nldidlnorm.Item.Component.Resource.mods.extension5.rights._attrs
  11603	nldidlnorm.Item.Component.Resource.mods.extension5.rights.description
  11575	nldidlnorm.Item.Component.Resource.mods.name9.displayForm
  11553	nldidlnorm.Item6.Descriptor1.Statement.Identifier
  11553	nldidlnorm.Item6.Descriptor2.Statement.accessRights
  11351	nldidlnorm.Item.Component.Resource.mods.name5.affiliation1
  11261	nldidlnorm.Item.Component.Resource.mods.name9.affiliation
  11196	nldidlnorm.Item2.Descriptor3.Statement._attrs
  10973	Journal.relatedItem.name1.role.roleTerm.text
  10973	nldidlnorm.Item.Component.Resource.mods.relatedItem.name1.role.roleTerm.text
  10761	nldidlnorm.Item1.Descriptor2.Statement.description
  10720	nldidlnorm.Item.Component.Resource.mods.language1.languageTerm._attrs
  10680	Journal.relatedItem.name1.namePart
  10680	nldidlnorm.Item.Component.Resource.mods.relatedItem.name1.namePart
  10624	nldidlnorm.Item.Component.Resource.mods.name3.role3.roleTerm.text
  10334	nldidlnorm.Item7.Descriptor1.Statement.Identifier
  10334	nldidlnorm.Item7.Descriptor2.Statement.accessRights
  10210	Journal.relatedItem.name2.role.roleTerm._attrs
  10210	nldidlnorm.Item.Component.Resource.mods.relatedItem.name2.role.roleTerm._attrs
  10152	nldidlnorm.Item.Component.Resource.mods.name.namePart2._attrs
  10152	nldidlnorm.Item.Component.Resource.mods.name.namePart2.text
  10130	nldidlnorm.Item8.Descriptor1.Statement.Identifier
  10130	nldidlnorm.Item8.Descriptor2.Statement.accessRights
  10113	nldidlnorm.Item.Component.Resource.mods.titleInfo2._attrs
   9931	nldidlnorm.Item9.Descriptor1.Statement.Identifier
   9931	nldidlnorm.Item9.Descriptor2.Statement.accessRights
   9894	nldidlnorm.Item.Component.Resource.mods.name9.role.roleTerm1.text
   9709	nldidlnorm.Item0.Descriptor1.Statement.Identifier
   9709	nldidlnorm.Item0.Descriptor2.Statement.accessRights
   9521	nldidlnorm.Item.Component.Resource.mods.name2.affiliation2
   9498	nldidlnorm.Item.Component.Resource.mods.name5.role3.roleTerm._attrs
   9361	nldidlnorm.Item.Component.Resource.mods.name0.displayForm
   9263	nldidlnorm.Item.Component.Resource.mods.classification1.text
   9194	nldidlnorm.Item2.Descriptor2.Statement.modified
   9035	nldidlnorm.Item4.Descriptor1.Statement.accessRights
   8878	nldidlnorm.Item.Component.Resource.mods.name0.nameIdentifier.text
   8868	nldidlnorm.Item.Component.Resource.mods.subject5.topic
   8842	nldidlnorm.Item.Component.Resource.mods.name0.affiliation
   8640	nldidlnorm.Item.Component.Resource.mods.subject3.topic._attrs
   8640	nldidlnorm.Item.Component.Resource.mods.subject3.topic.text
   8633	nldidlnorm.Item.Component.Resource.mods.name.affiliation3
   8590	Journal.relatedItem1.location.physicalLocation
   8590	nldidlnorm.Item.Component.Resource.mods.relatedItem1.location.physicalLocation
   8484	nldidlnorm.Item.Component.Resource.mods.originInfo.dateValid._attrs
   8484	nldidlnorm.Item.Component.Resource.mods.originInfo.dateValid.text
   8254	nldidlnorm.Item.Component.Resource.mods.name6.affiliation1
   8132	nldidlnorm.Item.Component.Resource.mods.name0.role.roleTerm1.text
   7612	nldidlnorm.Item.Component.Resource.mods.classification2._attrs
   7441	nldidlnorm.Item.Component.Resource.mods.identifier9._attrs
   7441	nldidlnorm.Item.Component.Resource.mods.identifier9.text
   7188	nldidlnorm.Item.Component.Resource.mods.abstract1
   7053	nldidlnorm.Item.Component.Resource.mods.extension6.rights._attrs
   7053	nldidlnorm.Item.Component.Resource.mods.extension6.rights.description
   7030	nldidlnorm.Item5.Descriptor1.Statement.accessRights
   6956	nldidlnorm.Item.Component.Resource.mods.name4.role3.roleTerm.text
   6693	nldidlnorm.Item.Component.Resource.mods.subject3.temporal._attrs
   6693	nldidlnorm.Item.Component.Resource.mods.subject3.temporal.text
   6593	nldidlnorm.Item.Component.Resource.mods.name3.affiliation2
   6588	Journal.relatedItem.originInfo.place.placeTerm
   6588	nldidlnorm.Item.Component.Resource.mods.relatedItem.originInfo.place.placeTerm
   6503	nldidlnorm.Item.Component.Resource.mods.subject2.topic1._attrs
   6503	nldidlnorm.Item.Component.Resource.mods.subject2.topic1.text
   6500	nldidlnorm.Item.Component.Resource.mods.name6.role3.roleTerm._attrs
   6271	Journal.relatedItem.part
   6271	nldidlnorm.Item.Component.Resource.mods.relatedItem.part
   6229	nldidlnorm.Item2.Descriptor3.Statement.modified
   6096	Journal.relatedItem.location.physicalLocation
   6096	nldidlnorm.Item.Component.Resource.mods.relatedItem.location.physicalLocation
   6095	nldidlnorm.Item.Component.Resource.mods.language1.languageTerm.text
   6089	nldidlnorm.Item.Component.Resource.mods.subject1.topic._attrs
   6089	nldidlnorm.Item.Component.Resource.mods.subject1.topic.text
   6009	nldidlnorm.Item6.Descriptor1.Statement.accessRights
   5935	nldidlnorm.Item.Component.Resource.mods.name7.affiliation1
   5608	nldidlnorm.Item7.Descriptor1.Statement.accessRights
   5489	nldidlnorm.Item8.Descriptor1.Statement.accessRights
   5399	nldidlnorm.Item.Component.Resource.mods.subject6.topic
   5381	nldidlnorm.Item0.Descriptor1.Statement.accessRights
   5332	nldidlnorm.Item9.Descriptor1.Statement.accessRights
   5105	Journal.relatedItem.name2.role.roleTerm.text
   5105	nldidlnorm.Item.Component.Resource.mods.relatedItem.name2.role.roleTerm.text
   5072	nldidlnorm.Item.Component.Resource.mods.name4.affiliation2
   5008	nldidlnorm.Item.Component.Resource.mods.titleInfo3.title
   4967	nldidlnorm.Item2.Descriptor3.Statement.description
   4835	Journal.relatedItem.name2.namePart
   4835	nldidlnorm.Item.Component.Resource.mods.relatedItem.name2.namePart
   4749	nldidlnorm.Item.Component.Resource.mods.name5.role3.roleTerm.text
   4735	nldidlnorm.Item.Component.Resource.mods.titleInfo3._attrs
   4690	nldidlnorm.Item.Component.Resource.mods.subject4.topic._attrs
   4690	nldidlnorm.Item.Component.Resource.mods.subject4.topic.text
   4402	nldidlnorm.Item.Component.Resource.mods.extension7.rights._attrs
   4402	nldidlnorm.Item.Component.Resource.mods.extension7.rights.description
   4375	nldidlnorm.Item.Component.Resource.mods.name8.affiliation1
   4324	nldidlnorm.Item.Component.Resource.mods.name7.role3.roleTerm._attrs
   4233	nldidlnorm.Item2.Descriptor2.Statement.description
   4189	nldidlnorm.Item.Component.Resource.mods.classification2.text
   4134	Journal.relatedItem.name3.role.roleTerm._attrs
   4134	nldidlnorm.Item.Component.Resource.mods.relatedItem.name3.role.roleTerm._attrs
   4095	nldidlnorm.Item.Component.Resource.mods.name1.namePart2._attrs
   4095	nldidlnorm.Item.Component.Resource.mods.name1.namePart2.text
   4079	nldidlnorm.Item.Component.Resource.mods.subject2.temporal._attrs
   4079	nldidlnorm.Item.Component.Resource.mods.subject2.temporal.text
   3940	nldidlnorm.Item.Component.Resource.mods.subject4.temporal._attrs
   3940	nldidlnorm.Item.Component.Resource.mods.subject4.temporal.text
   3826	nldidlnorm.Item.Component.Resource.mods.name5.affiliation2
   3798	nldidlnorm.Item3.Descriptor2.Statement.description
   3636	nldidlnorm.Item.Component.Resource.mods.titleInfo4.title
   3522	nldidlnorm.Item.Component.Resource.mods.subject7.topic
   3476	nldidlnorm.Item0.Descriptor2.Statement.description
   3456	nldidlnorm.Item9.Descriptor2.Statement.description
   3420	nldidlnorm.Item.Component.Resource.mods.titleInfo4._attrs
   3417	Journal.relatedItem1.identifier._attrs
   3417	Journal.relatedItem1.identifier.text
   3417	nldidlnorm.Item.Component.Resource.mods.relatedItem1.identifier._attrs
   3417	nldidlnorm.Item.Component.Resource.mods.relatedItem1.identifier.text
   3385	nldidlnorm.Item8.Descriptor2.Statement.description
   3365	nldidlnorm.Item4.Descriptor2.Statement.description
   3294	nldidlnorm.Item7.Descriptor2.Statement.description
   3250	nldidlnorm.Item.Component.Resource.mods.name6.role3.roleTerm.text
   3237	nldidlnorm.Item.Component.Resource.mods.name1.affiliation3
   3225	nldidlnorm.Item.Component.Resource.mods.name9.affiliation1
   3187	Journal.relatedItem.titleInfo.title1
   3187	nldidlnorm.Item.Component.Resource.mods.relatedItem.titleInfo.title1
   3182	nldidlnorm.Item6.Descriptor2.Statement.description
   3178	nldidlnorm.Item.Component.Resource.mods.name8.role3.roleTerm._attrs
   3141	nldidlnorm.Item5.Descriptor2.Statement.description
   3110	nldidlnorm.Item.Component.Resource.mods.classification3._attrs
   2891	nldidlnorm.Item.Component.Resource.mods.extension8.rights._attrs
   2891	nldidlnorm.Item.Component.Resource.mods.extension8.rights.description
   2857	nldidlnorm.Item.Component.Resource.mods.subject5.topic._attrs
   2857	nldidlnorm.Item.Component.Resource.mods.subject5.topic.text
   2812	nldidlnorm.Item.Component.Resource.mods.name6.affiliation2
   2792	nldidlnorm.Item.Component.Resource.mods.name.namePart2
   2589	nldidlnorm.Item.Component.Resource.mods.originInfo.dateIssued1._attrs
   2579	nldidlnorm.Item.Component.Resource.mods.originInfo.dateIssued1.text
   2551	nldidlnorm.Item.Component.Resource.mods.subject2.topic1
   2469	Journal.relatedItem1.part.extent.end
   2469	nldidlnorm.Item.Component.Resource.mods.relatedItem1.part.extent.end
   2456	nldidlnorm.Item.Component.Resource.mods.name1.namePart2
   2449	nldidlnorm.Item.Component.Resource.mods.subject5.temporal._attrs
   2449	nldidlnorm.Item.Component.Resource.mods.subject5.temporal.text
   2437	Journal.relatedItem1.part.extent.start
   2437	nldidlnorm.Item.Component.Resource.mods.relatedItem1.part.extent.start
   2401	nldidlnorm.Item.Component.Resource.mods.subject8.topic
   2369	nldidlnorm.Item.Component.Resource.mods.name0.affiliation1
   2332	nldidlnorm.Item.Component.Resource.mods.name2.affiliation3
   2277	nldidlnorm.Item.Component.Resource.mods.subject1.topic1._attrs
   2277	nldidlnorm.Item.Component.Resource.mods.subject1.topic1.text
   2274	nldidlnorm.Item.Component.Resource.mods.subject2.topic2
   2251	nldidlnorm.Item.Component.Resource.mods.name2.namePart2
   2236	nldidlnorm.Item.Component.Resource.mods.name9.role3.roleTerm._attrs
   2223	nldidlnorm.Item.Component.Resource.mods.name.namePart1
   2162	nldidlnorm.Item.Component.Resource.mods.name7.role3.roleTerm.text
   2067	Journal.relatedItem.name3.role.roleTerm.text
   2067	nldidlnorm.Item.Component.Resource.mods.identifier0._attrs
   2067	nldidlnorm.Item.Component.Resource.mods.identifier0.text
   2067	nldidlnorm.Item.Component.Resource.mods.relatedItem.name3.role.roleTerm.text
   1979	nldidlnorm.Item.Component.Resource.mods.extension9.rights._attrs
   1979	nldidlnorm.Item.Component.Resource.mods.extension9.rights.description
   1969	nldidlnorm.Item.Component.Resource.mods.name.affiliation4
   1962	nldidlnorm.Item.Component.Resource.mods.name3.namePart2
   1939	nldidlnorm.Item.Component.Resource.mods.name7.affiliation2
   1903	nldidlnorm.Item.Component.Resource.mods.subject2.topic3
   1867	nldidlnorm.Item.Component.Resource.mods.subject6.topic._attrs
   1867	nldidlnorm.Item.Component.Resource.mods.subject6.topic.text
   1847	Journal.relatedItem.name3.namePart
   1847	nldidlnorm.Item.Component.Resource.mods.relatedItem.name3.namePart
   1827	Journal.relatedItem1.part.extent.total
   1827	nldidlnorm.Item.Component.Resource.mods.relatedItem1.part.extent.total
   1673	nldidlnorm.Item.Component.Resource.mods.originInfo.dateOther1._attrs
   1643	nldidlnorm.Item.Component.Resource.mods.subject6.temporal._attrs
   1643	nldidlnorm.Item.Component.Resource.mods.subject6.temporal.text
   1638	nldidlnorm.Item.Component.Resource.mods.classification3.text
   1638	nldidlnorm.Item.Component.Resource.mods.name4.namePart2
   1634	nldidlnorm.Item.Component.Resource.mods.name0.role3.roleTerm._attrs
   1618	nldidlnorm.Item.Component.Resource.mods.name3.affiliation3
   1613	nldidlnorm.Item.Component.Resource.mods.subject9.topic
   1589	nldidlnorm.Item.Component.Resource.mods.name8.role3.roleTerm.text
   1582	Journal.relatedItem.name4.role.roleTerm._attrs
   1582	nldidlnorm.Item.Component.Resource.mods.relatedItem.name4.role.roleTerm._attrs
   1546	Journal.relatedItem.physicalDescription.form
   1546	nldidlnorm.Item.Component.Resource.mods.relatedItem.physicalDescription.form
   1543	nldidlnorm.Item.Component.Resource.mods.titleInfo1.subTitle
   1535	nldidlnorm.Item3.Descriptor2.Statement.modified
   1530	nldidlnorm.Item.Component.Resource.mods.subject2.topic4
   1519	nldidlnorm.Item.Component.Resource.mods.name8.affiliation2
   1442	nldidlnorm.Item4.Descriptor2.Statement.modified
   1397	nldidlnorm.Item.Component.Resource.mods.name.nameIdentifier1._attrs
   1394	nldidlnorm.Item5.Descriptor2.Statement.modified
   1367	nldidlnorm.Item.Component.Resource.mods.classification4._attrs
   1338	nldidlnorm.Item.Component.Resource.mods.name2.namePart2._attrs
   1338	nldidlnorm.Item.Component.Resource.mods.name2.namePart2.text
   1332	nldidlnorm.Item.Component.Resource.mods.name5.namePart2
   1315	nldidlnorm.Item6.Descriptor2.Statement.modified
   1276	nldidlnorm.Item0.Descriptor2.Statement.modified
   1275	nldidlnorm.Item7.Descriptor2.Statement.modified
   1262	nldidlnorm.Item9.Descriptor2.Statement.modified
   1258	nldidlnorm.Item8.Descriptor2.Statement.modified
   1251	nldidlnorm.Item.Component.Resource.mods.subject2.topic5
   1239	nldidlnorm.Item.Component.Resource.mods.name4.affiliation3
   1226	nldidlnorm.Item.Component.Resource.mods.subject3.topic1._attrs
   1226	nldidlnorm.Item.Component.Resource.mods.subject3.topic1.text
   1207	nldidlnorm.Item.Component.Resource.mods.subject3.topic1
   1169	nldidlnorm.Item.Component.Resource.mods.subject3.topic2
   1165	nldidlnorm.Item.Component.Resource.mods.subject7.topic._attrs
   1165	nldidlnorm.Item.Component.Resource.mods.subject7.topic.text
   1137	nldidlnorm.Item.Component.Resource.mods.subject0.topic
   1118	nldidlnorm.Item.Component.Resource.mods.name9.role3.roleTerm.text
   1111	nldidlnorm.Item.Component.Resource.mods.name6.namePart2
   1104	nldidlnorm.Item.Component.Resource.mods.subject3.topic3
   1097	nldidlnorm.Item.Component.Resource.mods.originInfo.publisher1
   1048	nldidlnorm.Item.Component.Resource.mods.name9.affiliation2
   1039	nldidlnorm.Item.Component.Resource.mods.subject3.topic4
   1024	nldidlnorm.Item.Component.Resource.mods.subject7.temporal._attrs
   1024	nldidlnorm.Item.Component.Resource.mods.subject7.temporal.text
   1013	nldidlnorm.Item3.Descriptor3.Statement._attrs
   1010	nldidlnorm.Item.Component.Resource.mods.originInfo.copyrightDate._attrs
   1010	nldidlnorm.Item.Component.Resource.mods.originInfo.copyrightDate.text
   1009	nldidlnorm.Item.Component.Resource.mods.name5.affiliation3
   1009	nldidlnorm.Item.Component.Resource.mods.subject2.topic6
    971	nldidlnorm.Item.Component.Resource.mods.subject3.topic5
    944	nldidlnorm.Item.Component.Resource.mods.name7.namePart2
    941	nldidlnorm.Item3.Descriptor3.Statement.modified
    895	nldidlnorm.Item.Component.Resource.mods.originInfo.dateCreated1._attrs
    895	nldidlnorm.Item.Component.Resource.mods.originInfo.dateCreated1.text
    882	nldidlnorm.Item.Component.Resource.mods.name6.affiliation3
    872	nldidlnorm.Item.Component.Resource.mods.subject3.topic6
    857	nldidlnorm.Item.Component.Resource.mods.subject2.topic7
    856	nldidlnorm.Item.Component.Resource.mods.originInfo.dateOther1.text
    817	nldidlnorm.Item.Component.Resource.mods.name0.role3.roleTerm.text
    802	nldidlnorm.Item.Component.Resource.mods.name.nameIdentifier1.text
    794	Journal.relatedItem.name5.role.roleTerm._attrs
    794	nldidlnorm.Item.Component.Resource.mods.relatedItem.name5.role.roleTerm._attrs
    791	Journal.relatedItem.name4.role.roleTerm.text
    791	nldidlnorm.Item.Component.Resource.mods.relatedItem.name4.role.roleTerm.text
    791	nldidlnorm.Item.Component.Resource.mods.subject3.topic7
    789	Journal.relatedItem.name4.namePart
    789	nldidlnorm.Item.Component.Resource.mods.name8.namePart2
    789	nldidlnorm.Item.Component.Resource.mods.relatedItem.name4.namePart
    770	nldidlnorm.Item.Component.Resource.mods.name0.affiliation2
    762	Journal.relatedItem.part.extent1._attrs
    762	Journal.relatedItem.part.extent1.total
    762	nldidlnorm.Item.Component.Resource.mods.relatedItem.part.extent1._attrs
    762	nldidlnorm.Item.Component.Resource.mods.relatedItem.part.extent1.total
    759	Journal.relatedItem.name._attrs
    759	nldidlnorm.Item.Component.Resource.mods.relatedItem.name._attrs
    740	nldidlnorm.Item.Component.Resource.mods.classification4.text
    736	nldidlnorm.Item.Component.Resource.mods.name3.namePart2._attrs
    736	nldidlnorm.Item.Component.Resource.mods.name3.namePart2.text
    723	nldidlnorm.Item.Component.Resource.mods.subject8.topic._attrs
    723	nldidlnorm.Item.Component.Resource.mods.subject8.topic.text
    717	nldidlnorm.Item.Component.Resource.mods.subject2.topic8
    714	nldidlnorm.Item.Component.Resource.mods.originInfo1.dateIssued._attrs
    714	nldidlnorm.Item.Component.Resource.mods.originInfo1.dateIssued.text
    700	nldidlnorm.Item.Component.Resource.mods.subject3.topic8
    695	nldidlnorm.Item.Component.Resource.mods.name1.namePart1
    671	nldidlnorm.Item.Component.Resource.mods.subject8.temporal._attrs
    671	nldidlnorm.Item.Component.Resource.mods.subject8.temporal.text
    664	nldidlnorm.Item.Component.Resource.mods.name9.namePart2
    602	nldidlnorm.Item.Component.Resource.mods.originInfo.dateOther2._attrs
    586	nldidlnorm.Item.Component.Resource.mods.subject3.topic9
    584	nldidlnorm.Item.Component.Resource.mods.name0.namePart2
    572	nldidlnorm.Item.Component.Resource.mods.subject2.topic9
    564	Journal.relatedItem.name1._attrs
    564	nldidlnorm.Item.Component.Resource.mods.relatedItem.name1._attrs
    543	nldidlnorm.Item.Component.Resource.mods.name7.affiliation3
    538	nldidlnorm.Item.Component.Resource.mods.name1.nameIdentifier1._attrs
    536	Journal.relatedItem.originInfo.dateOther._attrs
    536	Journal.relatedItem.originInfo.dateOther.text
    536	nldidlnorm.Item.Component.Resource.mods.relatedItem.originInfo.dateOther._attrs
    536	nldidlnorm.Item.Component.Resource.mods.relatedItem.originInfo.dateOther.text
    531	Journal.relatedItem.name2._attrs
    531	nldidlnorm.Item.Component.Resource.mods.relatedItem.name2._attrs
    528	Journal.relatedItem.originInfo.dateOther1._attrs
    528	Journal.relatedItem.originInfo.dateOther1.text
    528	nldidlnorm.Item.Component.Resource.mods.relatedItem.originInfo.dateOther1._attrs
    528	nldidlnorm.Item.Component.Resource.mods.relatedItem.originInfo.dateOther1.text
    513	nldidlnorm.Item4.Descriptor3.Statement._attrs
    505	nldidlnorm.Item.Component.Resource.mods.name.affiliation5
    505	nldidlnorm.Item4.Descriptor3.Statement.modified
    496	nldidlnorm.Item.Component.Resource.mods.classification5._attrs
    471	nldidlnorm.Item.Component.Resource.mods.subject1.temporal._attrs
    471	nldidlnorm.Item.Component.Resource.mods.subject1.temporal.text
    465	nldidlnorm.Item.Component.Resource.mods.subject9.topic._attrs
    465	nldidlnorm.Item.Component.Resource.mods.subject9.topic.text
    455	nldidlnorm.Item.Component.Resource.mods.originInfo.dateIssued1
    442	Journal.relatedItem.name6.role.roleTerm._attrs
    442	nldidlnorm.Item.Component.Resource.mods.relatedItem.name6.role.roleTerm._attrs
    437	Journal.relatedItem.name3._attrs
    437	nldidlnorm.Item.Component.Resource.mods.originInfo.edition
    437	nldidlnorm.Item.Component.Resource.mods.relatedItem.name3._attrs
    433	nldidlnorm.Item.Component.Resource.mods.subject9.temporal._attrs
    433	nldidlnorm.Item.Component.Resource.mods.subject9.temporal.text
    424	nldidlnorm.Item.Component.Resource.mods.name8.affiliation3
    417	nldidlnorm.Item.Component.Resource.mods.name1.affiliation4
    397	Journal.relatedItem.name5.role.roleTerm.text
    397	nldidlnorm.Item.Component.Resource.mods.relatedItem.name5.role.roleTerm.text
    396	Journal.relatedItem.name.namePart._attrs
    396	Journal.relatedItem.name.namePart.text
    396	nldidlnorm.Item.Component.Resource.mods.relatedItem.name.namePart._attrs
    396	nldidlnorm.Item.Component.Resource.mods.relatedItem.name.namePart.text
    395	Journal.relatedItem.name5.namePart
    395	nldidlnorm.Item.Component.Resource.mods.relatedItem.name5.namePart
    393	Journal.relatedItem.name.namePart1._attrs
    393	Journal.relatedItem.name.namePart1.text
    393	nldidlnorm.Item.Component.Resource.mods.relatedItem.name.namePart1._attrs
    393	nldidlnorm.Item.Component.Resource.mods.relatedItem.name.namePart1.text
    390	nldidlnorm.Item.Component.Resource.mods.language2.languageTerm._attrs
    384	nldidlnorm.Item.Component.Resource.mods.name.affiliation6
    357	nldidlnorm.Item.Component.Resource.mods.subject4.topic1._attrs
    357	nldidlnorm.Item.Component.Resource.mods.subject4.topic1.text
    356	nldidlnorm.Item.Component.Resource.mods.name1.nameIdentifier1.text
    354	nldidlnorm.Item.Component.Resource.mods.name.affiliation7
    354	nldidlnorm.Item.Component.Resource.mods.name4.namePart2._attrs
    354	nldidlnorm.Item.Component.Resource.mods.name4.namePart2.text
    345	nldidlnorm.Item.Component.Resource.mods.name9.affiliation3
    344	nldidlnorm.Item.Component.Resource.mods.name.affiliation8
    339	nldidlnorm.Item5.Descriptor3.Statement._attrs
    336	nldidlnorm.Item1.Descriptor1.Statement.modified
    336	nldidlnorm.Item5.Descriptor3.Statement.modified
    329	nldidlnorm.Item.Component.Resource.mods.name2.nameIdentifier1._attrs
    316	nldidlnorm.Item.Component.Resource.mods.language2.languageTerm.text
    306	nldidlnorm.Item.Component.Resource.mods.name0.affiliation3
    306	nldidlnorm.Item.Component.Resource.mods.subject4.topic1
    301	nldidlnorm.Item.Component.Resource.mods.originInfo.dateOther2.text
    293	Journal.relatedItem.name1.namePart._attrs
    293	Journal.relatedItem.name1.namePart.text
    293	nldidlnorm.Item.Component.Resource.mods.relatedItem.name1.namePart._attrs
    293	nldidlnorm.Item.Component.Resource.mods.relatedItem.name1.namePart.text
    292	nldidlnorm.Item.Component.Resource.mods.subject4.topic2
    290	Journal.relatedItem.name1.namePart1._attrs
    290	Journal.relatedItem.name1.namePart1.text
    290	nldidlnorm.Item.Component.Resource.mods.relatedItem.name1.namePart1._attrs
    290	nldidlnorm.Item.Component.Resource.mods.relatedItem.name1.namePart1.text
    287	nldidlnorm.Item.Component.Resource.mods.name5.namePart2._attrs
    287	nldidlnorm.Item.Component.Resource.mods.name5.namePart2.text
    283	Journal.relatedItem.relatedItem._attrs
    283	Journal.relatedItem.relatedItem.titleInfo.title
    283	nldidlnorm.Item.Component.Resource.mods.relatedItem.relatedItem._attrs
    283	nldidlnorm.Item.Component.Resource.mods.relatedItem.relatedItem.titleInfo.title
    283	nldidlnorm.Item.Component.Resource.mods.titleInfo5.title
    280	nldidlnorm.Item.Component.Resource.mods.subject0.topic._attrs
    280	nldidlnorm.Item.Component.Resource.mods.subject0.topic.text
    278	nldidlnorm.Item.Component.Resource.mods.titleInfo5._attrs
    276	nldidlnorm.Item.Component.Resource.mods.titleInfo6.title
    272	nldidlnorm.Item.Component.Resource.mods.titleInfo6._attrs
    271	nldidlnorm.Item.Component.Resource.mods.subject0.temporal._attrs
    271	nldidlnorm.Item.Component.Resource.mods.subject0.temporal.text
    270	Journal.relatedItem.name2.namePart._attrs
    270	Journal.relatedItem.name2.namePart.text
    270	Journal.relatedItem.name2.namePart1._attrs
    270	Journal.relatedItem.name2.namePart1.text
    270	nldidlnorm.Item.Component.Resource.mods.relatedItem.name2.namePart._attrs
    270	nldidlnorm.Item.Component.Resource.mods.relatedItem.name2.namePart.text
    270	nldidlnorm.Item.Component.Resource.mods.relatedItem.name2.namePart1._attrs
    270	nldidlnorm.Item.Component.Resource.mods.relatedItem.name2.namePart1.text
    257	nldidlnorm.Item.Component.Resource.mods.classification5.text
    253	nldidlnorm.Item.Component.Resource.mods.subject2.topic0
    252	nldidlnorm.Item6.Descriptor3.Statement._attrs
    250	nldidlnorm.Item6.Descriptor3.Statement.modified
    247	nldidlnorm.Item.Component.Resource.mods.name2.affiliation4
    234	nldidlnorm.Item.Component.Resource.mods.name2.nameIdentifier1.text
    228	nldidlnorm.Item.Component.Resource.mods.originInfo1.publisher
    226	Journal.relatedItem1.titleInfo.subTitle
    226	nldidlnorm.Item.Component.Resource.mods.relatedItem1.titleInfo.subTitle
    224	nldidlnorm.Item.Component.Resource.mods.classification6._attrs
    222	nldidlnorm.Item.Component.Resource.mods.name6.namePart2._attrs
    222	nldidlnorm.Item.Component.Resource.mods.name6.namePart2.text
    221	Journal.relatedItem.name6.role.roleTerm.text
    221	nldidlnorm.Item.Component.Resource.mods.relatedItem.name6.role.roleTerm.text
    220	Journal.relatedItem.name3.namePart._attrs
    220	Journal.relatedItem.name3.namePart.text
    220	Journal.relatedItem.name3.namePart1._attrs
    220	Journal.relatedItem.name3.namePart1.text
    220	Journal.relatedItem.name6.namePart
    220	nldidlnorm.Item.Component.Resource.mods.relatedItem.name3.namePart._attrs
    220	nldidlnorm.Item.Component.Resource.mods.relatedItem.name3.namePart.text
    220	nldidlnorm.Item.Component.Resource.mods.relatedItem.name3.namePart1._attrs
    220	nldidlnorm.Item.Component.Resource.mods.relatedItem.name3.namePart1.text
    220	nldidlnorm.Item.Component.Resource.mods.relatedItem.name6.namePart
    218	nldidlnorm.Item.Component.Resource.mods.name3.namePart1
    216	Journal.relatedItem.name7.role.roleTerm._attrs
    216	nldidlnorm.Item.Component.Resource.mods.relatedItem.name7.role.roleTerm._attrs
    209	nldidlnorm.Item.Component.Resource.mods.subject4.topic3
    207	nldidlnorm.Item.Component.Resource.mods.originInfo.dateModified._attrs
    207	nldidlnorm.Item.Component.Resource.mods.originInfo.dateModified.text
    205	nldidlnorm.Item.Component.Resource.mods.language3.languageTerm._attrs
    202	Journal.relatedItem.titleInfo
    202	nldidlnorm.Item.Component.Resource.mods.relatedItem.titleInfo
    199	nldidlnorm.Item7.Descriptor3.Statement._attrs
    198	nldidlnorm.Item7.Descriptor3.Statement.modified
    183	nldidlnorm.Item.Component.Resource.mods.name7.namePart2._attrs
    183	nldidlnorm.Item.Component.Resource.mods.name7.namePart2.text
    181	nldidlnorm.Item.Component.Resource.mods.subject4.topic4
    177	nldidlnorm.Item.Component.Resource.mods.subject3.topic0
    169	nldidlnorm.Item.Component.Resource.mods.name3.affiliation4
    168	nldidlnorm.Item8.Descriptor3.Statement._attrs
    167	nldidlnorm.Item8.Descriptor3.Statement.modified
    165	nldidlnorm.Item.Component.Resource.mods.name4.namePart1
    163	nldidlnorm.Item.Component.Resource.mods.language3.languageTerm.text
    157	nldidlnorm.Item.Component.Resource.mods.name5.namePart1
    153	nldidlnorm.Item.Component.Resource.mods.name2.namePart1
    147	nldidlnorm.Item.Component.Resource.mods.originInfo.dateCreated
    144	nldidlnorm.Item9.Descriptor3.Statement._attrs
    143	nldidlnorm.Item9.Descriptor3.Statement.modified
    138	nldidlnorm.Item.Component.Resource.mods.subject4.topic5
    136	nldidlnorm.Item.Component.Resource.mods.name3.nameIdentifier1._attrs
    123	nldidlnorm.Item.Component.Resource.mods.subject5.topic1._attrs
    123	nldidlnorm.Item.Component.Resource.mods.subject5.topic1.text
    122	nldidlnorm.Item0.Descriptor3.Statement._attrs
    121	nldidlnorm.Item0.Descriptor3.Statement.modified
    118	Journal.relatedItem.name8.role.roleTerm._attrs
    118	nldidlnorm.Item.Component.Resource.mods.classification6.text
    118	nldidlnorm.Item.Component.Resource.mods.relatedItem.name8.role.roleTerm._attrs
    113	nldidlnorm.Item.Component.Resource.mods.originInfo.dateCreated2._attrs
    113	nldidlnorm.Item.Component.Resource.mods.originInfo.dateCreated2.text
    112	nldidlnorm.Item.Component.Resource.mods.name4.affiliation4
    111	nldidlnorm.Item.Component.Resource.mods.subject6.topic1
    110	nldidlnorm.Item.Component.Resource.mods.subject6.topic2
    108	Journal.relatedItem.name7.role.roleTerm.text
    108	nldidlnorm.Item.Component.Resource.mods.name6.namePart1
    108	nldidlnorm.Item.Component.Resource.mods.relatedItem.name7.role.roleTerm.text
    108	nldidlnorm.Item.Component.Resource.mods.subject6.topic3
    107	Journal.relatedItem.name7.namePart
    107	nldidlnorm.Item.Component.Resource.mods.relatedItem.name7.namePart
    104	nldidlnorm.Item.Component.Resource.mods.name1.affiliation5
    104	nldidlnorm.Item.Component.Resource.mods.subject6.topic4
    103	nldidlnorm.Item.Component.Resource.mods.subject5.topic1
    102	nldidlnorm.Item.Component.Resource.mods.subject4.topic6
    101	nldidlnorm.Item.Component.Resource.mods.subject5.topic2
    101	nldidlnorm.Item.Component.Resource.mods.subject6.topic5
    100	nldidlnorm.Item.Component.Resource.mods.name5.affiliation4
     95	nldidlnorm.Item.Component.Resource.mods.name3.nameIdentifier1.text
     95	nldidlnorm.Item.Component.Resource.mods.subject5.topic3
     93	nldidlnorm.Item.Component.Resource.mods.subject6.topic6
     89	nldidlnorm.Item.Component.Resource.mods.name6.affiliation4
     89	nldidlnorm.Item.Component.Resource.mods.subject6.topic7
     85	Journal.relatedItem1.originInfo.dateOther._attrs
     85	Journal.relatedItem1.originInfo.dateOther.text
     85	Journal.relatedItem1.originInfo.dateOther1._attrs
     85	Journal.relatedItem1.originInfo.dateOther1.text
     85	Journal.relatedItem1.originInfo.place.placeTerm._attrs
     85	Journal.relatedItem1.originInfo.place.placeTerm.text
     85	nldidlnorm.Item.Component.Resource.mods.relatedItem1.originInfo.dateOther._attrs
     85	nldidlnorm.Item.Component.Resource.mods.relatedItem1.originInfo.dateOther.text
     85	nldidlnorm.Item.Component.Resource.mods.relatedItem1.originInfo.dateOther1._attrs
     85	nldidlnorm.Item.Component.Resource.mods.relatedItem1.originInfo.dateOther1.text
     85	nldidlnorm.Item.Component.Resource.mods.relatedItem1.originInfo.place.placeTerm._attrs
     85	nldidlnorm.Item.Component.Resource.mods.relatedItem1.originInfo.place.placeTerm.text
     85	nldidlnorm.Item.Component.Resource.mods.subject4.topic7
     85	nldidlnorm.Item.Component.Resource.mods.subject5.topic4
     83	nldidlnorm.Item.Component.Resource.mods.originInfo.publisher2
     83	nldidlnorm.Item.Component.Resource.mods.originInfo1.place.placeTerm._attrs
     83	nldidlnorm.Item.Component.Resource.mods.originInfo1.place.placeTerm.text
     81	nldidlnorm.Item.Component.Resource.mods.classification7._attrs
     80	nldidlnorm.Item.Component.Resource.mods.subject5.topic5
     79	nldidlnorm.Item.Component.Resource.mods.subject5.topic6
     78	nldidlnorm.Item.Component.Resource.mods.name7.namePart1
     78	nldidlnorm.Item.Component.Resource.mods.subject6.topic8
     77	nldidlnorm.Item.Component.Resource.mods.subject8.topic1
     77	nldidlnorm.Item.Component.Resource.mods.subject8.topic2
     77	nldidlnorm.Item.Component.Resource.mods.subject8.topic3
     77	nldidlnorm.Item.Component.Resource.mods.subject8.topic4
     77	nldidlnorm.Item.Component.Resource.mods.subject8.topic5
     77	nldidlnorm.Item.Component.Resource.mods.subject8.topic6
     75	nldidlnorm.Item.Component.Resource.mods.subject8.topic7
     75	nldidlnorm.Item.Component.Resource.mods.subject8.topic8
     74	Journal.relatedItem.name9.role.roleTerm._attrs
     74	nldidlnorm.Item.Component.Resource.mods.relatedItem.name9.role.roleTerm._attrs
     72	nldidlnorm.Item.Component.Resource.mods.subject8.topic9
     72	nldidlnorm.Item3.Descriptor3.Statement.description
     71	nldidlnorm.Item.Component.Resource.mods.name8.namePart2._attrs
     71	nldidlnorm.Item.Component.Resource.mods.name8.namePart2.text
     70	nldidlnorm.Item.Component.Resource.mods.name4.nameIdentifier1._attrs
     69	nldidlnorm.Item.Component.Resource.mods.name2.affiliation5
     69	nldidlnorm.Item.Component.Resource.mods.subject4.topic8
     68	nldidlnorm.Item.Component.Resource.mods.subject5.topic7
     66	nldidlnorm.Item.Component.Resource.mods.abstract2
     65	nldidlnorm.Item.Component.Resource.mods.name8.namePart1
     64	nldidlnorm.Item.Component.Resource.mods.extension.rights.rights
     64	nldidlnorm.Item.Component.Resource.mods.name7.affiliation4
     64	nldidlnorm.Item.Component.Resource.mods.name8.affiliation4
     64	nldidlnorm.Item.Component.Resource.mods.originInfo.dateIssued2._attrs
     64	nldidlnorm.Item.Component.Resource.mods.originInfo.dateIssued2.text
     64	nldidlnorm.Item.Component.Resource.mods.subject6.topic9
     64	nldidlnorm.Item.Component.Resource.mods.subject7.topic1
     63	nldidlnorm.Item.Component.Resource.mods.subject7.topic2
     61	nldidlnorm.Item.Component.Resource.mods.subject5.topic8
     61	nldidlnorm.Item.Component.Resource.mods.subject8.topic0
     60	nldidlnorm.Item.Component.Resource.mods.name9.namePart2._attrs
     60	nldidlnorm.Item.Component.Resource.mods.name9.namePart2.text
     60	nldidlnorm.Item.Component.Resource.mods.subject7.topic3
     60	nldidlnorm.Item.Component.Resource.mods.subject7.topic4
     59	Journal.relatedItem.name8.role.roleTerm.text
     59	nldidlnorm.Item.Component.Resource.mods.name9.namePart1
     59	nldidlnorm.Item.Component.Resource.mods.relatedItem.name8.role.roleTerm.text
     59	nldidlnorm.Item.Component.Resource.mods.subject7.topic5
     58	Journal.relatedItem.name8.namePart
     58	nldidlnorm.Item.Component.Resource.mods.relatedItem.name8.namePart
     57	nldidlnorm.Item.Component.Resource.mods.name9.affiliation4
     57	nldidlnorm.Item.Component.Resource.mods.subject7.topic6
     56	nldidlnorm.Item.Component.Resource.mods.subject7.topic7
     55	Journal.relatedItem2._attrs
     55	nldidlnorm.Item.Component.Resource.mods.name3.affiliation5
     55	nldidlnorm.Item.Component.Resource.mods.relatedItem2._attrs
     54	nldidlnorm.Item.Component.Resource.mods.subject4.topic9
     53	nldidlnorm.Item.Component.Resource.mods.name4.nameIdentifier1.text
     52	Journal.relatedItem.titleInfo1.title
     52	nldidlnorm.Item.Component.Resource.mods.relatedItem.titleInfo1.title
     52	nldidlnorm.Item.Component.Resource.mods.subject7.topic8
     51	nldidlnorm.Item.Component.Resource.mods.name0.affiliation4
     51	nldidlnorm.Item.Component.Resource.mods.subject6.topic0
     50	nldidlnorm.Item.Component.Resource.mods.name0.namePart1
     49	nldidlnorm.Item.Component.Resource.mods.name4.affiliation5
     48	Journal.relatedItem2.titleInfo.title
     48	nldidlnorm.Item.Component.Resource.mods.relatedItem2.titleInfo.title
     47	nldidlnorm.Item.Component.Resource.mods.subject5.topic9
     47	nldidlnorm.Item.Component.Resource.mods.subject7.topic9
     46	nldidlnorm.Item.Component.Resource.mods.subject6.topic1._attrs
     46	nldidlnorm.Item.Component.Resource.mods.subject6.topic1.text
     45	nldidlnorm.Item.Component.Resource.mods.name1.affiliation6
     44	nldidlnorm.Item.Component.Resource.mods.classification8._attrs
     43	nldidlnorm.Item.Component.Resource.mods.classification7.text
     42	Journal.relatedItem.name0.role.roleTerm._attrs
     42	nldidlnorm.Item.Component.Resource.mods.name.nameIdentifier2._attrs
     42	nldidlnorm.Item.Component.Resource.mods.originInfo.copyrightDate
     42	nldidlnorm.Item.Component.Resource.mods.relatedItem.name0.role.roleTerm._attrs
     41	nldidlnorm.Item.Component.Resource.mods.name0.namePart2._attrs
     41	nldidlnorm.Item.Component.Resource.mods.name0.namePart2.text
     40	nldidlnorm.Item.Component.Resource.mods.subject7.topic0
     39	nldidlnorm.Item.Component.Resource.mods.name2.affiliation6
     39	nldidlnorm.Item.Component.Resource.mods.name5.affiliation5
     39	nldidlnorm.Item.Component.Resource.mods.subject4.topic0
     37	Journal.relatedItem.name9.namePart
     37	Journal.relatedItem.name9.role.roleTerm.text
     37	Journal.relatedItem.originInfo.edition
     37	nldidlnorm.Item.Component.Resource.mods.classification9._attrs
     37	nldidlnorm.Item.Component.Resource.mods.relatedItem.name9.namePart
     37	nldidlnorm.Item.Component.Resource.mods.relatedItem.name9.role.roleTerm.text
     37	nldidlnorm.Item.Component.Resource.mods.relatedItem.originInfo.edition
     36	nldidlnorm.Item.Component.Resource.mods.name1.affiliation7
     36	nldidlnorm.Item.Component.Resource.mods.name6.affiliation5
     34	Journal.relatedItem.relatedItem.part.detail._attrs
     34	Journal.relatedItem.relatedItem.part.detail.number
     34	nldidlnorm.Item.Component.Resource.mods.relatedItem.relatedItem.part.detail._attrs
     34	nldidlnorm.Item.Component.Resource.mods.relatedItem.relatedItem.part.detail.number
     33	nldidlnorm.Item.Component.Resource.mods.subject5.topic0
     32	nldidlnorm.Item.Component.Resource.mods.classification0._attrs
     32	nldidlnorm.Item.Component.Resource.mods.name5.nameIdentifier1._attrs
     30	Journal.relatedItem3._attrs
     30	Journal.relatedItem3.titleInfo.title
     30	nldidlnorm.Item.Component.Resource.mods.relatedItem3._attrs
     30	nldidlnorm.Item.Component.Resource.mods.relatedItem3.titleInfo.title
     29	nldidlnorm.Item2.Descriptor1.Statement.modified
     28	nldidlnorm.Item.Component.Resource.mods.name1.nameIdentifier2._attrs
     28	nldidlnorm.Item.Component.Resource.mods.name2.affiliation7
     27	nldidlnorm.Item.Component.Resource.mods.name8.affiliation5
     26	nldidlnorm.Item.Component.Resource.mods.name7.affiliation5
     26	nldidlnorm.Item.Component.Resource.mods.originInfo.dateCreated3._attrs
     26	nldidlnorm.Item.Component.Resource.mods.originInfo.dateCreated3.text
     26	nldidlnorm.Item.Component.Resource.mods.subject7.topic1._attrs
     26	nldidlnorm.Item.Component.Resource.mods.subject7.topic1.text
     25	nldidlnorm.Item.Component.Resource.mods.name4.affiliation6
     25	nldidlnorm.Item.Component.Resource.mods.name5.nameIdentifier1.text
     24	nldidlnorm.Item.Component.Resource.mods.name0.affiliation5
     24	nldidlnorm.Item.Component.Resource.mods.name1.affiliation8
     24	nldidlnorm.Item.Component.Resource.mods.name9.affiliation5
     23	nldidlnorm.Item.Component.Resource.mods.classification8.text
     23	nldidlnorm.Item.Component.Resource.mods.name6.affiliation6
     21	Journal.relatedItem.name0.namePart
     21	Journal.relatedItem.name0.role.roleTerm.text
     21	nldidlnorm.Item.Component.Resource.mods.name.nameIdentifier2.text
     21	nldidlnorm.Item.Component.Resource.mods.name2.affiliation8
     21	nldidlnorm.Item.Component.Resource.mods.name3.affiliation6
     21	nldidlnorm.Item.Component.Resource.mods.relatedItem.name0.namePart
     21	nldidlnorm.Item.Component.Resource.mods.relatedItem.name0.role.roleTerm.text
     20	Journal.relatedItem.titleInfo.title2
     20	nldidlnorm.Item.Component.Resource.mods.name5.affiliation6
     20	nldidlnorm.Item.Component.Resource.mods.name6.nameIdentifier1._attrs
     20	nldidlnorm.Item.Component.Resource.mods.relatedItem.titleInfo.title2
     19	nldidlnorm.Item.Component.Resource.mods.classification9.text
     18	nldidlnorm.Item.Component.Resource.mods.name2.nameIdentifier2._attrs
     17	nldidlnorm.Item.Component.Resource.mods.name8.affiliation6
     16	Journal.relatedItem.titleInfo1._attrs
     16	nldidlnorm.Item.Component.Resource.mods.classification0.text
     16	nldidlnorm.Item.Component.Resource.mods.name2.affiliation9
     16	nldidlnorm.Item.Component.Resource.mods.name6.nameIdentifier1.text
     16	nldidlnorm.Item.Component.Resource.mods.relatedItem.titleInfo1._attrs
     16	nldidlnorm.Item.Component.Resource.mods.subject9.topic1
     16	nldidlnorm.Item.Component.Resource.mods.subject9.topic2
     16	nldidlnorm.Item.Component.Resource.mods.subject9.topic3
     16	nldidlnorm.Item.Component.Resource.mods.subject9.topic4
     15	nldidlnorm.Item.Component.Resource.mods.name2.affiliation0
     15	nldidlnorm.Item.Component.Resource.mods.name3.affiliation7
     15	nldidlnorm.Item.Component.Resource.mods.subject9.topic5
     14	nldidlnorm.Item.Component.Resource.mods.name.role.roleTerm2._attrs
     14	nldidlnorm.Item.Component.Resource.mods.name1.nameIdentifier2.text
     14	nldidlnorm.Item.Component.Resource.mods.name7.affiliation6
     14	nldidlnorm.Item.Component.Resource.mods.name9.affiliation6
     14	nldidlnorm.Item.Component.Resource.mods.originInfo.dateValid
     14	nldidlnorm.Item.Component.Resource.mods.originInfo.publisher3
     14	nldidlnorm.Item.Component.Resource.mods.subject9.topic6
     14	nldidlnorm.Item.Component.Resource.mods.subject9.topic7
     14	nldidlnorm.Item.Component.Resource.mods.titleInfo7._attrs
     14	nldidlnorm.Item.Component.Resource.mods.titleInfo7.title
     13	nldidlnorm.Item.Component.Resource.mods.titleInfo8._attrs
     13	nldidlnorm.Item.Component.Resource.mods.titleInfo8.title
     12	Journal.relatedItem1.part.extent
     12	nldidlnorm.Item.Component.Resource.mods.name0.affiliation6
     12	nldidlnorm.Item.Component.Resource.mods.name4.affiliation7
     12	nldidlnorm.Item.Component.Resource.mods.name5.affiliation7
     12	nldidlnorm.Item.Component.Resource.mods.relatedItem1.part.extent
     12	nldidlnorm.Item.Component.Resource.mods.subject8.topic1._attrs
     12	nldidlnorm.Item.Component.Resource.mods.subject8.topic1.text
     12	nldidlnorm.Item.Component.Resource.mods.subject9.topic8
     11	nldidlnorm.Item.Component.Resource.mods.abstract3
     11	nldidlnorm.Item.Component.Resource.mods.name.affiliation9
     11	nldidlnorm.Item.Component.Resource.mods.subject9.topic9
     10	Journal.relatedItem.titleInfo.title3
     10	nldidlnorm.Item.Component.Resource.mods.name3.nameIdentifier2._attrs
     10	nldidlnorm.Item.Component.Resource.mods.name6.affiliation7
     10	nldidlnorm.Item.Component.Resource.mods.name7.affiliation7
     10	nldidlnorm.Item.Component.Resource.mods.name7.nameIdentifier1._attrs
     10	nldidlnorm.Item.Component.Resource.mods.name8.affiliation7
     10	nldidlnorm.Item.Component.Resource.mods.relatedItem.titleInfo.title3
     10	nldidlnorm.Item.Component.Resource.mods.subject9.topic0
      9	Journal.relatedItem1.titleInfo1._attrs
      9	Journal.relatedItem1.titleInfo1.title
      9	nldidlnorm.Item.Component.Resource.mods.name2.nameIdentifier2.text
      9	nldidlnorm.Item.Component.Resource.mods.name3.affiliation8
      9	nldidlnorm.Item.Component.Resource.mods.name7.nameIdentifier1.text
      9	nldidlnorm.Item.Component.Resource.mods.relatedItem1.titleInfo1._attrs
      9	nldidlnorm.Item.Component.Resource.mods.relatedItem1.titleInfo1.title
      8	Journal.relatedItem.originInfo.dateOther1
      8	nldidlnorm.Item.Component.Resource.mods.name.affiliation0
      8	nldidlnorm.Item.Component.Resource.mods.name0.affiliation7
      8	nldidlnorm.Item.Component.Resource.mods.name1.role.roleTerm2._attrs
      8	nldidlnorm.Item.Component.Resource.mods.name4.role4.roleTerm._attrs
      8	nldidlnorm.Item.Component.Resource.mods.name9.affiliation7
      8	nldidlnorm.Item.Component.Resource.mods.originInfo.dateCreated4._attrs
      8	nldidlnorm.Item.Component.Resource.mods.originInfo.dateCreated4.text
      8	nldidlnorm.Item.Component.Resource.mods.relatedItem.originInfo.dateOther1
      8	nldidlnorm.Item.Component.Resource.mods.subject9.topic1._attrs
      8	nldidlnorm.Item.Component.Resource.mods.subject9.topic1.text
      8	nldidlnorm.Item.Component.Resource.mods.titleInfo9._attrs
      8	nldidlnorm.Item.Component.Resource.mods.titleInfo9.title
      8	nldidlnorm.Item4.Descriptor3.Statement.description
      7	Journal.relatedItem.originInfo.dateIssued1._attrs
      7	Journal.relatedItem.originInfo.dateIssued1.text
      7	nldidlnorm.Item.Component.Resource.mods.name.role.roleTerm2.text
      7	nldidlnorm.Item.Component.Resource.mods.name1.affiliation9
      7	nldidlnorm.Item.Component.Resource.mods.name4.affiliation8
      7	nldidlnorm.Item.Component.Resource.mods.name5.affiliation8
      7	nldidlnorm.Item.Component.Resource.mods.name8.nameIdentifier1._attrs
      7	nldidlnorm.Item.Component.Resource.mods.name8.nameIdentifier1.text
      7	nldidlnorm.Item.Component.Resource.mods.originInfo.dateIssued3._attrs
      7	nldidlnorm.Item.Component.Resource.mods.originInfo.dateIssued3.text
      7	nldidlnorm.Item.Component.Resource.mods.relatedItem.originInfo.dateIssued1._attrs
      7	nldidlnorm.Item.Component.Resource.mods.relatedItem.originInfo.dateIssued1.text
      6	nldidlnorm.Item.Component.Resource.mods.extension.grantAgreementList._attrs
      6	nldidlnorm.Item.Component.Resource.mods.extension.grantAgreementList.grantAgreement
      6	nldidlnorm.Item.Component.Resource.mods.originInfo.dateCreated1
      6	nldidlnorm.Item.Component.Resource.mods.originInfo1.edition
      5	nldidlnorm.Item.Component.Resource.mods.abstract4
      5	nldidlnorm.Item.Component.Resource.mods.name0.affiliation8
      5	nldidlnorm.Item.Component.Resource.mods.name1.affiliation0
      5	nldidlnorm.Item.Component.Resource.mods.name3.nameIdentifier2.text
      5	nldidlnorm.Item.Component.Resource.mods.name4.affiliation9
      5	nldidlnorm.Item.Component.Resource.mods.name8.affiliation8
      5	nldidlnorm.Item.Component.Resource.mods.name9.affiliation8
      5	nldidlnorm.Item.Component.Resource.mods.subject0.topic1._attrs
      5	nldidlnorm.Item.Component.Resource.mods.subject0.topic1.text
      4	nldidlnorm.Item.Component.Resource.mods.name.nameIdentifier
      4	nldidlnorm.Item.Component.Resource.mods.name1.role.roleTerm2.text
      4	nldidlnorm.Item.Component.Resource.mods.name2.nameIdentifier
      4	nldidlnorm.Item.Component.Resource.mods.name2.role.roleTerm2._attrs
      4	nldidlnorm.Item.Component.Resource.mods.name2.role4.roleTerm._attrs
      4	nldidlnorm.Item.Component.Resource.mods.name3.affiliation9
      4	nldidlnorm.Item.Component.Resource.mods.name3.role.roleTerm2._attrs
      4	nldidlnorm.Item.Component.Resource.mods.name4.role4.roleTerm.text
      4	nldidlnorm.Item.Component.Resource.mods.name6.affiliation8
      4	nldidlnorm.Item.Component.Resource.mods.name7.affiliation8
      4	nldidlnorm.Item.Component.Resource.mods.titleInfo.subTitle1
      3	Journal.relatedItem.name.namePart1
      3	Journal.relatedItem.name1.namePart1
      3	Journal.relatedItem.name4._attrs
      3	Journal.relatedItem.name5._attrs
      3	Journal.relatedItem.part.detail3._attrs
      3	Journal.relatedItem.part.detail3.number
      3	nldidlnorm.Item.Component.Resource.mods.name3.affiliation0
      3	nldidlnorm.Item.Component.Resource.mods.originInfo.copyrightDate1._attrs
      3	nldidlnorm.Item.Component.Resource.mods.originInfo.copyrightDate1.text
      3	nldidlnorm.Item.Component.Resource.mods.originInfo.dateModified
      3	nldidlnorm.Item.Component.Resource.mods.originInfo.publisher4
      3	nldidlnorm.Item.Component.Resource.mods.relatedItem.name.namePart1
      3	nldidlnorm.Item.Component.Resource.mods.relatedItem.name1.namePart1
      3	nldidlnorm.Item.Component.Resource.mods.relatedItem.name4._attrs
      3	nldidlnorm.Item.Component.Resource.mods.relatedItem.name5._attrs
      3	nldidlnorm.Item.Component.Resource.mods.relatedItem.part.detail3._attrs
      3	nldidlnorm.Item.Component.Resource.mods.relatedItem.part.detail3.number
      3	nldidlnorm.Item.Component.Resource.mods.subject0.topic1
      3	nldidlnorm.Item.Component.Resource.mods.subject0.topic2
      3	nldidlnorm.Item.Component.Resource.mods.subject0.topic3
      3	nldidlnorm.Item.Component.Resource.mods.titleInfo0._attrs
      3	nldidlnorm.Item.Component.Resource.mods.titleInfo0.title
      3	nldidlnorm.Item3.Descriptor1.Statement.modified
      3	nldidlnorm.Item5.Descriptor3.Statement.description
      2	Journal.relatedItem.identifier2._attrs
      2	Journal.relatedItem.identifier2.text
      2	Journal.relatedItem.name4.namePart._attrs
      2	Journal.relatedItem.name4.namePart.text
      2	Journal.relatedItem.name4.namePart1._attrs
      2	Journal.relatedItem.name4.namePart1.text
      2	Journal.relatedItem.name5.namePart._attrs
      2	Journal.relatedItem.name5.namePart.text
      2	Journal.relatedItem.name5.namePart1._attrs
      2	Journal.relatedItem.name5.namePart1.text
      2	Journal.relatedItem1.identifier1._attrs
      2	Journal.relatedItem1.identifier1.text
      2	nldidlnorm.Item.Component.Resource.mods.extension.daiList.identifier._attrs
      2	nldidlnorm.Item.Component.Resource.mods.extension.daiList.identifier1._attrs
      2	nldidlnorm.Item.Component.Resource.mods.language4.languageTerm._attrs
      2	nldidlnorm.Item.Component.Resource.mods.language4.languageTerm.text
      2	nldidlnorm.Item.Component.Resource.mods.language5.languageTerm._attrs
      2	nldidlnorm.Item.Component.Resource.mods.language5.languageTerm.text
      2	nldidlnorm.Item.Component.Resource.mods.language6.languageTerm._attrs
      2	nldidlnorm.Item.Component.Resource.mods.language6.languageTerm.text
      2	nldidlnorm.Item.Component.Resource.mods.name0.affiliation9
      2	nldidlnorm.Item.Component.Resource.mods.name0.nameIdentifier1._attrs
      2	nldidlnorm.Item.Component.Resource.mods.name0.nameIdentifier1.text
      2	nldidlnorm.Item.Component.Resource.mods.name2.role.roleTerm2.text
      2	nldidlnorm.Item.Component.Resource.mods.name2.role4.roleTerm.text
      2	nldidlnorm.Item.Component.Resource.mods.name3.nameIdentifier
      2	nldidlnorm.Item.Component.Resource.mods.name3.role.roleTerm2.text
      2	nldidlnorm.Item.Component.Resource.mods.name3.role4.roleTerm._attrs
      2	nldidlnorm.Item.Component.Resource.mods.name4.affiliation0
      2	nldidlnorm.Item.Component.Resource.mods.name4.nameIdentifier2._attrs
      2	nldidlnorm.Item.Component.Resource.mods.name5.role.roleTerm2._attrs
      2	nldidlnorm.Item.Component.Resource.mods.name7.affiliation0
      2	nldidlnorm.Item.Component.Resource.mods.name7.affiliation9
      2	nldidlnorm.Item.Component.Resource.mods.name8.affiliation9
      2	nldidlnorm.Item.Component.Resource.mods.name9.affiliation9
      2	nldidlnorm.Item.Component.Resource.mods.originInfo.dateCreated5._attrs
      2	nldidlnorm.Item.Component.Resource.mods.originInfo.dateCreated5.text
      2	nldidlnorm.Item.Component.Resource.mods.relatedItem.identifier2._attrs
      2	nldidlnorm.Item.Component.Resource.mods.relatedItem.identifier2.text
      2	nldidlnorm.Item.Component.Resource.mods.relatedItem.name4.namePart._attrs
      2	nldidlnorm.Item.Component.Resource.mods.relatedItem.name4.namePart.text
      2	nldidlnorm.Item.Component.Resource.mods.relatedItem.name4.namePart1._attrs
      2	nldidlnorm.Item.Component.Resource.mods.relatedItem.name4.namePart1.text
      2	nldidlnorm.Item.Component.Resource.mods.relatedItem.name5.namePart._attrs
      2	nldidlnorm.Item.Component.Resource.mods.relatedItem.name5.namePart.text
      2	nldidlnorm.Item.Component.Resource.mods.relatedItem.name5.namePart1._attrs
      2	nldidlnorm.Item.Component.Resource.mods.relatedItem.name5.namePart1.text
      2	nldidlnorm.Item.Component.Resource.mods.relatedItem1.identifier1._attrs
      2	nldidlnorm.Item.Component.Resource.mods.relatedItem1.identifier1.text
      2	nldidlnorm.Item.Component.Resource.mods.subject0.topic4
      2	nldidlnorm.Item.Component.Resource.mods.subject0.topic5
      2	nldidlnorm.Item.Component.Resource.mods.subject0.topic6
      2	nldidlnorm.Item.Component.Resource.mods.subject0.topic7
      2	nldidlnorm.Item4.Descriptor1.Statement.modified
      2	nldidlnorm.Item6.Descriptor3.Statement.description
      1	Journal.relatedItem.name6._attrs
      1	Journal.relatedItem.name6.namePart._attrs
      1	Journal.relatedItem.name6.namePart.text
      1	Journal.relatedItem.name6.namePart1._attrs
      1	Journal.relatedItem.name6.namePart1.text
      1	Journal.relatedItem.name7._attrs
      1	Journal.relatedItem.name7.namePart._attrs
      1	Journal.relatedItem.name7.namePart.text
      1	Journal.relatedItem.name7.namePart1._attrs
      1	Journal.relatedItem.name7.namePart1.text
      1	Journal.relatedItem.name8._attrs
      1	Journal.relatedItem.name8.namePart._attrs
      1	Journal.relatedItem.name8.namePart.text
      1	Journal.relatedItem.name8.namePart1._attrs
      1	Journal.relatedItem.name8.namePart1.text
      1	Journal.relatedItem.titleInfo2.title
      1	Journal.relatedItem1.part.detail._attrs
      1	Journal.relatedItem1.part.detail.number
      1	Journal.relatedItem1.part.detail1._attrs
      1	Journal.relatedItem1.part.detail1.number
      1	Journal.relatedItem4._attrs
      1	Journal.relatedItem4.titleInfo.title
      1	Journal.relatedItem5._attrs
      1	Journal.relatedItem5.titleInfo.title
      1	nldidlnorm.Item.Component.Resource.mods.abstract1._attrs
      1	nldidlnorm.Item.Component.Resource.mods.abstract1.text
      1	nldidlnorm.Item.Component.Resource.mods.abstract5
      1	nldidlnorm.Item.Component.Resource.mods.extension.daiList._attrs
      1	nldidlnorm.Item.Component.Resource.mods.extension.daiList.identifier.text
      1	nldidlnorm.Item.Component.Resource.mods.extension.daiList.identifier1.text
      1	nldidlnorm.Item.Component.Resource.mods.language7.languageTerm._attrs
      1	nldidlnorm.Item.Component.Resource.mods.language7.languageTerm.text
      1	nldidlnorm.Item.Component.Resource.mods.name0.affiliation0
      1	nldidlnorm.Item.Component.Resource.mods.name3.role4.roleTerm.text
      1	nldidlnorm.Item.Component.Resource.mods.name4.nameIdentifier2.text
      1	nldidlnorm.Item.Component.Resource.mods.name5.role.roleTerm2.text
      1	nldidlnorm.Item.Component.Resource.mods.name6.affiliation0
      1	nldidlnorm.Item.Component.Resource.mods.name6.affiliation9
      1	nldidlnorm.Item.Component.Resource.mods.name8.affiliation0
      1	nldidlnorm.Item.Component.Resource.mods.name9.affiliation0
      1	nldidlnorm.Item.Component.Resource.mods.originInfo.dateCreated2
      1	nldidlnorm.Item.Component.Resource.mods.originInfo.dateCreated6._attrs
      1	nldidlnorm.Item.Component.Resource.mods.originInfo.dateCreated6.text
      1	nldidlnorm.Item.Component.Resource.mods.originInfo.dateCreated7._attrs
      1	nldidlnorm.Item.Component.Resource.mods.originInfo.dateCreated7.text
      1	nldidlnorm.Item.Component.Resource.mods.originInfo.dateCreated8._attrs
      1	nldidlnorm.Item.Component.Resource.mods.originInfo.dateCreated8.text
      1	nldidlnorm.Item.Component.Resource.mods.originInfo.dateCreated9._attrs
      1	nldidlnorm.Item.Component.Resource.mods.originInfo.dateCreated9.text
      1	nldidlnorm.Item.Component.Resource.mods.originInfo.dateIssued
      1	nldidlnorm.Item.Component.Resource.mods.originInfo.dateValid1._attrs
      1	nldidlnorm.Item.Component.Resource.mods.originInfo.dateValid1.text
      1	nldidlnorm.Item.Component.Resource.mods.originInfo.place1.placeTerm._attrs
      1	nldidlnorm.Item.Component.Resource.mods.originInfo.place1.placeTerm.text
      1	nldidlnorm.Item.Component.Resource.mods.originInfo.publisher5
      1	nldidlnorm.Item.Component.Resource.mods.relatedItem.name6._attrs
      1	nldidlnorm.Item.Component.Resource.mods.relatedItem.name6.namePart._attrs
      1	nldidlnorm.Item.Component.Resource.mods.relatedItem.name6.namePart.text
      1	nldidlnorm.Item.Component.Resource.mods.relatedItem.name6.namePart1._attrs
      1	nldidlnorm.Item.Component.Resource.mods.relatedItem.name6.namePart1.text
      1	nldidlnorm.Item.Component.Resource.mods.relatedItem.name7._attrs
      1	nldidlnorm.Item.Component.Resource.mods.relatedItem.name7.namePart._attrs
      1	nldidlnorm.Item.Component.Resource.mods.relatedItem.name7.namePart.text
      1	nldidlnorm.Item.Component.Resource.mods.relatedItem.name7.namePart1._attrs
      1	nldidlnorm.Item.Component.Resource.mods.relatedItem.name7.namePart1.text
      1	nldidlnorm.Item.Component.Resource.mods.relatedItem.name8._attrs
      1	nldidlnorm.Item.Component.Resource.mods.relatedItem.name8.namePart._attrs
      1	nldidlnorm.Item.Component.Resource.mods.relatedItem.name8.namePart.text
      1	nldidlnorm.Item.Component.Resource.mods.relatedItem.name8.namePart1._attrs
      1	nldidlnorm.Item.Component.Resource.mods.relatedItem.name8.namePart1.text
      1	nldidlnorm.Item.Component.Resource.mods.relatedItem.titleInfo2.title
      1	nldidlnorm.Item.Component.Resource.mods.relatedItem1.part.detail._attrs
      1	nldidlnorm.Item.Component.Resource.mods.relatedItem1.part.detail.number
      1	nldidlnorm.Item.Component.Resource.mods.relatedItem1.part.detail1._attrs
      1	nldidlnorm.Item.Component.Resource.mods.relatedItem1.part.detail1.number
      1	nldidlnorm.Item.Component.Resource.mods.relatedItem4._attrs
      1	nldidlnorm.Item.Component.Resource.mods.relatedItem4.titleInfo.title
      1	nldidlnorm.Item.Component.Resource.mods.relatedItem5._attrs
      1	nldidlnorm.Item.Component.Resource.mods.relatedItem5.titleInfo.title
      1	nldidlnorm.Item.Component.Resource.mods.subject0.topic0
      1	nldidlnorm.Item.Component.Resource.mods.subject0.topic8
      1	nldidlnorm.Item.Component.Resource.mods.subject0.topic9
      1	nldidlnorm.Item0.Descriptor1.Statement.modified
      1	nldidlnorm.Item0.Descriptor3.Statement.description
      1	nldidlnorm.Item5.Descriptor1.Statement.modified
      1	nldidlnorm.Item7.Descriptor1.Statement.modified
      1	nldidlnorm.Item7.Descriptor3.Statement.description
      1	nldidlnorm.Item8.Descriptor1.Statement.modified
      1	nldidlnorm.Item8.Descriptor3.Statement.description
      1	nldidlnorm.Item9.Descriptor1.Statement.modified
      1	nldidlnorm.Item9.Descriptor3.Statement.description
